JSP000243.interval_3_6_none : ∀ (b3 b4 b5 b6 : Bool),
  Or
    (Not
      (@Eq.{1} Rat
        (@HAdd.hAdd.{0, 0, 0} Rat Rat Rat (@instHAdd.{0} Rat Rat.instAdd)
          (@HAdd.hAdd.{0, 0, 0} Rat Rat Rat (@instHAdd.{0} Rat Rat.instAdd)
            (@HAdd.hAdd.{0, 0, 0} Rat Rat Rat (@instHAdd.{0} Rat Rat.instAdd)
              (@HMul.hMul.{0, 0, 0} Rat Rat Rat (@instHMul.{0} Rat Rat.instMul)
                (@HDiv.hDiv.{0, 0, 0} Rat Rat Rat (@instHDiv.{0} Rat Rat.instDiv)
                  (@OfNat.ofNat.{0} Rat (nat_lit 1) (@Rat.instOfNat (nat_lit 1)))
                  (@OfNat.ofNat.{0} Rat (nat_lit 3) (@Rat.instOfNat (nat_lit 3))))
                (@ite.{1} Rat (@Eq.{1} Bool b3 Bool.true) (instDecidableEqBool b3 Bool.true)
                  (@OfNat.ofNat.{0} Rat (nat_lit 1) (@Rat.instOfNat (nat_lit 1)))
                  (@OfNat.ofNat.{0} Rat (nat_lit 0) (@Rat.instOfNat (nat_lit 0)))))
              (@HMul.hMul.{0, 0, 0} Rat Rat Rat (@instHMul.{0} Rat Rat.instMul)
                (@HDiv.hDiv.{0, 0, 0} Rat Rat Rat (@instHDiv.{0} Rat Rat.instDiv)
                  (@OfNat.ofNat.{0} Rat (nat_lit 1) (@Rat.instOfNat (nat_lit 1)))
                  (@OfNat.ofNat.{0} Rat (nat_lit 4) (@Rat.instOfNat (nat_lit 4))))
                (@ite.{1} Rat (@Eq.{1} Bool b4 Bool.true) (instDecidableEqBool b4 Bool.true)
                  (@OfNat.ofNat.{0} Rat (nat_lit 1) (@Rat.instOfNat (nat_lit 1)))
                  (@OfNat.ofNat.{0} Rat (nat_lit 0) (@Rat.instOfNat (nat_lit 0))))))
            (@HMul.hMul.{0, 0, 0} Rat Rat Rat (@instHMul.{0} Rat Rat.instMul)
              (@HDiv.hDiv.{0, 0, 0} Rat Rat Rat (@instHDiv.{0} Rat Rat.instDiv)
                (@OfNat.ofNat.{0} Rat (nat_lit 1) (@Rat.instOfNat (nat_lit 1)))
                (@OfNat.ofNat.{0} Rat (nat_lit 5) (@Rat.instOfNat (nat_lit 5))))
              (@ite.{1} Rat (@Eq.{1} Bool b5 Bool.true) (instDecidableEqBool b5 Bool.true)
                (@OfNat.ofNat.{0} Rat (nat_lit 1) (@Rat.instOfNat (nat_lit 1)))
                (@OfNat.ofNat.{0} Rat (nat_lit 0) (@Rat.instOfNat (nat_lit 0))))))
          (@HMul.hMul.{0, 0, 0} Rat Rat Rat (@instHMul.{0} Rat Rat.instMul)
            (@HDiv.hDiv.{0, 0, 0} Rat Rat Rat (@instHDiv.{0} Rat Rat.instDiv)
              (@OfNat.ofNat.{0} Rat (nat_lit 1) (@Rat.instOfNat (nat_lit 1)))
              (@OfNat.ofNat.{0} Rat (nat_lit 6) (@Rat.instOfNat (nat_lit 6))))
            (@ite.{1} Rat (@Eq.{1} Bool b6 Bool.true) (instDecidableEqBool b6 Bool.true)
              (@OfNat.ofNat.{0} Rat (nat_lit 1) (@Rat.instOfNat (nat_lit 1)))
              (@OfNat.ofNat.{0} Rat (nat_lit 0) (@Rat.instOfNat (nat_lit 0))))))
        (@OfNat.ofNat.{0} Rat (nat_lit 1) (@Rat.instOfNat (nat_lit 1)))))
    (Not
      (Or (@Eq.{1} Bool b3 Bool.true)
        (Or (@Eq.{1} Bool b4 Bool.true) (Or (@Eq.{1} Bool b5 Bool.true) (@Eq.{1} Bool b6 Bool.true)))))
theorem JSP000243.interval_3_6_none : ∀ (b3 b4 b5 b6 : Bool),
  Or
    (Not
      (@Eq.{1} Rat
        (@HAdd.hAdd.{0, 0, 0} Rat Rat Rat (@instHAdd.{0} Rat Rat.instAdd)
          (@HAdd.hAdd.{0, 0, 0} Rat Rat Rat (@instHAdd.{0} Rat Rat.instAdd)
            (@HAdd.hAdd.{0, 0, 0} Rat Rat Rat (@instHAdd.{0} Rat Rat.instAdd)
              (@HMul.hMul.{0, 0, 0} Rat Rat Rat (@instHMul.{0} Rat Rat.instMul)
                (@HDiv.hDiv.{0, 0, 0} Rat Rat Rat (@instHDiv.{0} Rat Rat.instDiv)
                  (@OfNat.ofNat.{0} Rat (nat_lit 1) (@Rat.instOfNat (nat_lit 1)))
                  (@OfNat.ofNat.{0} Rat (nat_lit 3) (@Rat.instOfNat (nat_lit 3))))
                (@ite.{1} Rat (@Eq.{1} Bool b3 Bool.true) (instDecidableEqBool b3 Bool.true)
                  (@OfNat.ofNat.{0} Rat (nat_lit 1) (@Rat.instOfNat (nat_lit 1)))
                  (@OfNat.ofNat.{0} Rat (nat_lit 0) (@Rat.instOfNat (nat_lit 0)))))
              (@HMul.hMul.{0, 0, 0} Rat Rat Rat (@instHMul.{0} Rat Rat.instMul)
                (@HDiv.hDiv.{0, 0, 0} Rat Rat Rat (@instHDiv.{0} Rat Rat.instDiv)
                  (@OfNat.ofNat.{0} Rat (nat_lit 1) (@Rat.instOfNat (nat_lit 1)))
                  (@OfNat.ofNat.{0} Rat (nat_lit 4) (@Rat.instOfNat (nat_lit 4))))
                (@ite.{1} Rat (@Eq.{1} Bool b4 Bool.true) (instDecidableEqBool b4 Bool.true)
                  (@OfNat.ofNat.{0} Rat (nat_lit 1) (@Rat.instOfNat (nat_lit 1)))
                  (@OfNat.ofNat.{0} Rat (nat_lit 0) (@Rat.instOfNat (nat_lit 0))))))
            (@HMul.hMul.{0, 0, 0} Rat Rat Rat (@instHMul.{0} Rat Rat.instMul)
              (@HDiv.hDiv.{0, 0, 0} Rat Rat Rat (@instHDiv.{0} Rat Rat.instDiv)
                (@OfNat.ofNat.{0} Rat (nat_lit 1) (@Rat.instOfNat (nat_lit 1)))
                (@OfNat.ofNat.{0} Rat (nat_lit 5) (@Rat.instOfNat (nat_lit 5))))
              (@ite.{1} Rat (@Eq.{1} Bool b5 Bool.true) (instDecidableEqBool b5 Bool.true)
                (@OfNat.ofNat.{0} Rat (nat_lit 1) (@Rat.instOfNat (nat_lit 1)))
                (@OfNat.ofNat.{0} Rat (nat_lit 0) (@Rat.instOfNat (nat_lit 0))))))
          (@HMul.hMul.{0, 0, 0} Rat Rat Rat (@instHMul.{0} Rat Rat.instMul)
            (@HDiv.hDiv.{0, 0, 0} Rat Rat Rat (@instHDiv.{0} Rat Rat.instDiv)
              (@OfNat.ofNat.{0} Rat (nat_lit 1) (@Rat.instOfNat (nat_lit 1)))
              (@OfNat.ofNat.{0} Rat (nat_lit 6) (@Rat.instOfNat (nat_lit 6))))
            (@ite.{1} Rat (@Eq.{1} Bool b6 Bool.true) (instDecidableEqBool b6 Bool.true)
              (@OfNat.ofNat.{0} Rat (nat_lit 1) (@Rat.instOfNat (nat_lit 1)))
              (@OfNat.ofNat.{0} Rat (nat_lit 0) (@Rat.instOfNat (nat_lit 0))))))
        (@OfNat.ofNat.{0} Rat (nat_lit 1) (@Rat.instOfNat (nat_lit 1)))))
    (Not
      (Or (@Eq.{1} Bool b3 Bool.true)
        (Or (@Eq.{1} Bool b4 Bool.true) (Or (@Eq.{1} Bool b5 Bool.true) (@Eq.{1} Bool b6 Bool.true))))) :=
fun (b3 b4 b5 b6 : ⋯) =>
  @Bool.casesOn.{0}
    (fun (t : Bool) =>
      ∀ (h : @Eq.{1} Bool b3 t),
        Or
          (Not
            (@Eq.{1} Rat
              (@HAdd.hAdd.{0, 0, 0} Rat Rat Rat (@instHAdd.{0} Rat Rat.instAdd)
                (@HAdd.hAdd.{0, 0, 0} Rat Rat Rat (@instHAdd.{0} Rat Rat.instAdd)
                  (@HAdd.hAdd.{0, 0, 0} Rat Rat Rat (@instHAdd.{0} Rat Rat.instAdd)
                    (@HMul.hMul.{0, 0, 0} Rat Rat Rat (@instHMul.{0} Rat Rat.instMul)
                      (@HDiv.hDiv.{0, 0, 0} Rat Rat Rat (@instHDiv.{0} Rat Rat.instDiv)
                        (@OfNat.ofNat.{0} Rat (nat_lit 1) (@Rat.instOfNat (nat_lit 1)))
                        (@OfNat.ofNat.{0} Rat (nat_lit 3) (@Rat.instOfNat (nat_lit 3))))
                      (@ite.{1} Rat (@Eq.{1} Bool b3 Bool.true) (instDecidableEqBool b3 Bool.true)
                        (@OfNat.ofNat.{0} Rat (nat_lit 1) (@Rat.instOfNat (nat_lit 1)))
                        (@OfNat.ofNat.{0} Rat (nat_lit 0) (@Rat.instOfNat (nat_lit 0)))))
                    (@HMul.hMul.{0, 0, 0} Rat Rat Rat (@instHMul.{0} Rat Rat.instMul)
                      (@HDiv.hDiv.{0, 0, 0} Rat Rat Rat (@instHDiv.{0} Rat Rat.instDiv)
                        (@OfNat.ofNat.{0} Rat (nat_lit 1) (@Rat.instOfNat (nat_lit 1)))
                        (@OfNat.ofNat.{0} Rat (nat_lit 4) (@Rat.instOfNat (nat_lit 4))))
                      (@ite.{1} Rat (@Eq.{1} Bool b4 Bool.true) (instDecidableEqBool b4 Bool.true)
                        (@OfNat.ofNat.{0} Rat (nat_lit 1) (@Rat.instOfNat (nat_lit 1)))
                        (@OfNat.ofNat.{0} Rat (nat_lit 0) (@Rat.instOfNat (nat_lit 0))))))
                  (@HMul.hMul.{0, 0, 0} Rat Rat Rat (@instHMul.{0} Rat Rat.instMul)
                    (@HDiv.hDiv.{0, 0, 0} Rat Rat Rat (@instHDiv.{0} Rat Rat.instDiv)
                      (@OfNat.ofNat.{0} Rat (nat_lit 1) (@Rat.instOfNat (nat_lit 1)))
                      (@OfNat.ofNat.{0} Rat (nat_lit 5) (@Rat.instOfNat (nat_lit 5))))
                    (@ite.{1} Rat (@Eq.{1} Bool b5 Bool.true) (instDecidableEqBool b5 Bool.true)
                      (@OfNat.ofNat.{0} Rat (nat_lit 1) (@Rat.instOfNat (nat_lit 1)))
                      (@OfNat.ofNat.{0} Rat (nat_lit 0) (@Rat.instOfNat (nat_lit 0))))))
                (@HMul.hMul.{0, 0, 0} Rat Rat Rat (@instHMul.{0} Rat Rat.instMul)
                  (@HDiv.hDiv.{0, 0, 0} Rat Rat Rat (@instHDiv.{0} Rat Rat.instDiv)
                    (@OfNat.ofNat.{0} Rat (nat_lit 1) (@Rat.instOfNat (nat_lit 1)))
                    (@OfNat.ofNat.{0} Rat (nat_lit 6) (@Rat.instOfNat (nat_lit 6))))
                  (@ite.{1} Rat (@Eq.{1} Bool b6 Bool.true) (instDecidableEqBool b6 Bool.true)
                    (@OfNat.ofNat.{0} Rat (nat_lit 1) (@Rat.instOfNat (nat_lit 1)))
                    (@OfNat.ofNat.{0} Rat (nat_lit 0) (@Rat.instOfNat (nat_lit 0))))))
              (@OfNat.ofNat.{0} Rat (nat_lit 1) (@Rat.instOfNat (nat_lit 1)))))
          (Not
            (Or (@Eq.{1} Bool b3 Bool.true)
              (Or (@Eq.{1} Bool b4 Bool.true) (Or (@Eq.{1} Bool b5 Bool.true) (@Eq.{1} Bool b6 Bool.true))))))
    b3
    (fun (h : ⋯) =>
      @Eq.ndrec.{0, 1} Bool Bool.false
        (fun (b3 : Bool) =>
          Or
            (Not
              (@Eq.{1} Rat
                (@HAdd.hAdd.{0, 0, 0} Rat Rat Rat (@instHAdd.{0} Rat Rat.instAdd)
                  (@HAdd.hAdd.{0, 0, 0} Rat Rat Rat (@instHAdd.{0} Rat Rat.instAdd)
                    (@HAdd.hAdd.{0, 0, 0} Rat Rat Rat (@instHAdd.{0} Rat Rat.instAdd)
                      (@HMul.hMul.{0, 0, 0} Rat Rat Rat (@instHMul.{0} Rat Rat.instMul)
                        (@HDiv.hDiv.{0, 0, 0} Rat Rat Rat (@instHDiv.{0} Rat Rat.instDiv)
                          (@OfNat.ofNat.{0} Rat (nat_lit 1) (@Rat.instOfNat (nat_lit 1)))
                          (@OfNat.ofNat.{0} Rat (nat_lit 3) (@Rat.instOfNat (nat_lit 3))))
                        (@ite.{1} Rat (@Eq.{1} Bool b3 Bool.true) (instDecidableEqBool b3 Bool.true)
                          (@OfNat.ofNat.{0} Rat (nat_lit 1) (@Rat.instOfNat (nat_lit 1)))
                          (@OfNat.ofNat.{0} Rat (nat_lit 0) (@Rat.instOfNat (nat_lit 0)))))
                      (@HMul.hMul.{0, 0, 0} Rat Rat Rat (@instHMul.{0} Rat Rat.instMul)
                        (@HDiv.hDiv.{0, 0, 0} Rat Rat Rat (@instHDiv.{0} Rat Rat.instDiv)
                          (@OfNat.ofNat.{0} Rat (nat_lit 1) (@Rat.instOfNat (nat_lit 1)))
                          (@OfNat.ofNat.{0} Rat (nat_lit 4) (@Rat.instOfNat (nat_lit 4))))
                        (@ite.{1} Rat (@Eq.{1} Bool b4 Bool.true) (instDecidableEqBool b4 Bool.true)
                          (@OfNat.ofNat.{0} Rat (nat_lit 1) (@Rat.instOfNat (nat_lit 1)))
                          (@OfNat.ofNat.{0} Rat (nat_lit 0) (@Rat.instOfNat (nat_lit 0))))))
                    (@HMul.hMul.{0, 0, 0} Rat Rat Rat (@instHMul.{0} Rat Rat.instMul)
                      (@HDiv.hDiv.{0, 0, 0} Rat Rat Rat (@instHDiv.{0} Rat Rat.instDiv)
                        (@OfNat.ofNat.{0} Rat (nat_lit 1) (@Rat.instOfNat (nat_lit 1)))
                        (@OfNat.ofNat.{0} Rat (nat_lit 5) (@Rat.instOfNat (nat_lit 5))))
                      (@ite.{1} Rat (@Eq.{1} Bool b5 Bool.true) (instDecidableEqBool b5 Bool.true)
                        (@OfNat.ofNat.{0} Rat (nat_lit 1) (@Rat.instOfNat (nat_lit 1)))
                        (@OfNat.ofNat.{0} Rat (nat_lit 0) (@Rat.instOfNat (nat_lit 0))))))
                  (@HMul.hMul.{0, 0, 0} Rat Rat Rat (@instHMul.{0} Rat Rat.instMul)
                    (@HDiv.hDiv.{0, 0, 0} Rat Rat Rat (@instHDiv.{0} Rat Rat.instDiv)
                      (@OfNat.ofNat.{0} Rat (nat_lit 1) (@Rat.instOfNat (nat_lit 1)))
                      (@OfNat.ofNat.{0} Rat (nat_lit 6) (@Rat.instOfNat (nat_lit 6))))
                    (@ite.{1} Rat (@Eq.{1} Bool b6 Bool.true) (instDecidableEqBool b6 Bool.true)
                      (@OfNat.ofNat.{0} Rat (nat_lit 1) (@Rat.instOfNat (nat_lit 1)))
                      (@OfNat.ofNat.{0} Rat (nat_lit 0) (@Rat.instOfNat (nat_lit 0))))))
                (@OfNat.ofNat.{0} Rat (nat_lit 1) (@Rat.instOfNat (nat_lit 1)))))
            (Not
              (Or (@Eq.{1} Bool b3 Bool.true)
                (Or (@Eq.{1} Bool b4 Bool.true) (Or (@Eq.{1} Bool b5 Bool.true) (@Eq.{1} Bool b6 Bool.true))))))
        (@Bool.casesOn.{0}
          (fun (t : Bool) =>
            ∀ (h : @Eq.{1} Bool b4 t),
              Or
                (Not
                  (@Eq.{1} Rat
                    (@HAdd.hAdd.{0, 0, 0} Rat Rat Rat (@instHAdd.{0} Rat Rat.instAdd)
                      (@HAdd.hAdd.{0, 0, 0} Rat Rat Rat (@instHAdd.{0} Rat Rat.instAdd)
                        (@HAdd.hAdd.{0, 0, 0} Rat Rat Rat (@instHAdd.{0} Rat Rat.instAdd)
                          (@HMul.hMul.{0, 0, 0} Rat Rat Rat (@instHMul.{0} Rat Rat.instMul)
                            (@HDiv.hDiv.{0, 0, 0} Rat Rat Rat (@instHDiv.{0} Rat Rat.instDiv)
                              (@OfNat.ofNat.{0} Rat (nat_lit 1) (@Rat.instOfNat (nat_lit 1)))
                              (@OfNat.ofNat.{0} Rat (nat_lit 3) (@Rat.instOfNat (nat_lit 3))))
                            (@ite.{1} Rat (@Eq.{1} Bool Bool.false Bool.true) (instDecidableEqBool Bool.false Bool.true)
                              (@OfNat.ofNat.{0} Rat (nat_lit 1) (@Rat.instOfNat (nat_lit 1)))
                              (@OfNat.ofNat.{0} Rat (nat_lit 0) (@Rat.instOfNat (nat_lit 0)))))
                          (@HMul.hMul.{0, 0, 0} Rat Rat Rat (@instHMul.{0} Rat Rat.instMul)
                            (@HDiv.hDiv.{0, 0, 0} Rat Rat Rat (@instHDiv.{0} Rat Rat.instDiv)
                              (@OfNat.ofNat.{0} Rat (nat_lit 1) (@Rat.instOfNat (nat_lit 1)))
                              (@OfNat.ofNat.{0} Rat (nat_lit 4) (@Rat.instOfNat (nat_lit 4))))
                            (@ite.{1} Rat (@Eq.{1} Bool b4 Bool.true) (instDecidableEqBool b4 Bool.true)
                              (@OfNat.ofNat.{0} Rat (nat_lit 1) (@Rat.instOfNat (nat_lit 1)))
                              (@OfNat.ofNat.{0} Rat (nat_lit 0) (@Rat.instOfNat (nat_lit 0))))))
                        (@HMul.hMul.{0, 0, 0} Rat Rat Rat (@instHMul.{0} Rat Rat.instMul)
                          (@HDiv.hDiv.{0, 0, 0} Rat Rat Rat (@instHDiv.{0} Rat Rat.instDiv)
                            (@OfNat.ofNat.{0} Rat (nat_lit 1) (@Rat.instOfNat (nat_lit 1)))
                            (@OfNat.ofNat.{0} Rat (nat_lit 5) (@Rat.instOfNat (nat_lit 5))))
                          (@ite.{1} Rat (@Eq.{1} Bool b5 Bool.true) (instDecidableEqBool b5 Bool.true)
                            (@OfNat.ofNat.{0} Rat (nat_lit 1) (@Rat.instOfNat (nat_lit 1)))
                            (@OfNat.ofNat.{0} Rat (nat_lit 0) (@Rat.instOfNat (nat_lit 0))))))
                      (@HMul.hMul.{0, 0, 0} Rat Rat Rat (@instHMul.{0} Rat Rat.instMul)
                        (@HDiv.hDiv.{0, 0, 0} Rat Rat Rat (@instHDiv.{0} Rat Rat.instDiv)
                          (@OfNat.ofNat.{0} Rat (nat_lit 1) (@Rat.instOfNat (nat_lit 1)))
                          (@OfNat.ofNat.{0} Rat (nat_lit 6) (@Rat.instOfNat (nat_lit 6))))
                        (@ite.{1} Rat (@Eq.{1} Bool b6 Bool.true) (instDecidableEqBool b6 Bool.true)
                          (@OfNat.ofNat.{0} Rat (nat_lit 1) (@Rat.instOfNat (nat_lit 1)))
                          (@OfNat.ofNat.{0} Rat (nat_lit 0) (@Rat.instOfNat (nat_lit 0))))))
                    (@OfNat.ofNat.{0} Rat (nat_lit 1) (@Rat.instOfNat (nat_lit 1)))))
                (Not
                  (Or (@Eq.{1} Bool Bool.false Bool.true)
                    (Or (@Eq.{1} Bool b4 Bool.true) (Or (@Eq.{1} Bool b5 Bool.true) (@Eq.{1} Bool b6 Bool.true))))))
          b4
          (fun (h : ⋯) =>
            @Eq.ndrec.{0, 1} Bool Bool.false
              (fun (b4 : Bool) =>
                Or
                  (Not
                    (@Eq.{1} Rat
                      (@HAdd.hAdd.{0, 0, 0} Rat Rat Rat (@instHAdd.{0} Rat Rat.instAdd)
                        (@HAdd.hAdd.{0, 0, 0} Rat Rat Rat (@instHAdd.{0} Rat Rat.instAdd)
                          (@HAdd.hAdd.{0, 0, 0} Rat Rat Rat (@instHAdd.{0} Rat Rat.instAdd)
                            (@HMul.hMul.{0, 0, 0} Rat Rat Rat (@instHMul.{0} Rat Rat.instMul)
                              (@HDiv.hDiv.{0, 0, 0} Rat Rat Rat (@instHDiv.{0} Rat Rat.instDiv)
                                (@OfNat.ofNat.{0} Rat (nat_lit 1) (@Rat.instOfNat (nat_lit 1)))
                                (@OfNat.ofNat.{0} Rat (nat_lit 3) (@Rat.instOfNat (nat_lit 3))))
                              (@ite.{1} Rat (@Eq.{1} Bool Bool.false Bool.true)
                                (instDecidableEqBool Bool.false Bool.true)
                                (@OfNat.ofNat.{0} Rat (nat_lit 1) (@Rat.instOfNat (nat_lit 1)))
                                (@OfNat.ofNat.{0} Rat (nat_lit 0) (@Rat.instOfNat (nat_lit 0)))))
                            (@HMul.hMul.{0, 0, 0} Rat Rat Rat (@instHMul.{0} Rat Rat.instMul)
                              (@HDiv.hDiv.{0, 0, 0} Rat Rat Rat (@instHDiv.{0} Rat Rat.instDiv)
                                (@OfNat.ofNat.{0} Rat (nat_lit 1) (@Rat.instOfNat (nat_lit 1)))
                                (@OfNat.ofNat.{0} Rat (nat_lit 4) (@Rat.instOfNat (nat_lit 4))))
                              (@ite.{1} Rat (@Eq.{1} Bool b4 Bool.true) (instDecidableEqBool b4 Bool.true)
                                (@OfNat.ofNat.{0} Rat (nat_lit 1) (@Rat.instOfNat (nat_lit 1)))
                                (@OfNat.ofNat.{0} Rat (nat_lit 0) (@Rat.instOfNat (nat_lit 0))))))
                          (@HMul.hMul.{0, 0, 0} Rat Rat Rat (@instHMul.{0} Rat Rat.instMul)
                            (@HDiv.hDiv.{0, 0, 0} Rat Rat Rat (@instHDiv.{0} Rat Rat.instDiv)
                              (@OfNat.ofNat.{0} Rat (nat_lit 1) (@Rat.instOfNat (nat_lit 1)))
                              (@OfNat.ofNat.{0} Rat (nat_lit 5) (@Rat.instOfNat (nat_lit 5))))
                            (@ite.{1} Rat (@Eq.{1} Bool b5 Bool.true) (instDecidableEqBool b5 Bool.true)
                              (@OfNat.ofNat.{0} Rat (nat_lit 1) (@Rat.instOfNat (nat_lit 1)))
                              (@OfNat.ofNat.{0} Rat (nat_lit 0) (@Rat.instOfNat (nat_lit 0))))))
                        (@HMul.hMul.{0, 0, 0} Rat Rat Rat (@instHMul.{0} Rat Rat.instMul)
                          (@HDiv.hDiv.{0, 0, 0} Rat Rat Rat (@instHDiv.{0} Rat Rat.instDiv)
                            (@OfNat.ofNat.{0} Rat (nat_lit 1) (@Rat.instOfNat (nat_lit 1)))
                            (@OfNat.ofNat.{0} Rat (nat_lit 6) (@Rat.instOfNat (nat_lit 6))))
                          (@ite.{1} Rat (@Eq.{1} Bool b6 Bool.true) (instDecidableEqBool b6 Bool.true)
                            (@OfNat.ofNat.{0} Rat (nat_lit 1) (@Rat.instOfNat (nat_lit 1)))
                            (@OfNat.ofNat.{0} Rat (nat_lit 0) (@Rat.instOfNat (nat_lit 0))))))
                      (@OfNat.ofNat.{0} Rat (nat_lit 1) (@Rat.instOfNat (nat_lit 1)))))
                  (Not
                    (Or (@Eq.{1} Bool Bool.false Bool.true)
                      (Or (@Eq.{1} Bool b4 Bool.true) (Or (@Eq.{1} Bool b5 Bool.true) (@Eq.{1} Bool b6 Bool.true))))))
              (@Bool.casesOn.{0}
                (fun (t : Bool) =>
                  ∀ (h : @Eq.{1} Bool b5 t),
                    Or
                      (Not
                        (@Eq.{1} Rat
                          (@HAdd.hAdd.{0, 0, 0} Rat Rat Rat (@instHAdd.{0} Rat Rat.instAdd)
                            (@HAdd.hAdd.{0, 0, 0} Rat Rat Rat (@instHAdd.{0} Rat Rat.instAdd)
                              (@HAdd.hAdd.{0, 0, 0} Rat Rat Rat (@instHAdd.{0} Rat Rat.instAdd)
                                (@HMul.hMul.{0, 0, 0} Rat Rat Rat (@instHMul.{0} Rat Rat.instMul)
                                  (@HDiv.hDiv.{0, 0, 0} Rat Rat Rat (@instHDiv.{0} Rat Rat.instDiv)
                                    (@OfNat.ofNat.{0} Rat (nat_lit 1) (@Rat.instOfNat (nat_lit 1)))
                                    (@OfNat.ofNat.{0} Rat (nat_lit 3) (@Rat.instOfNat (nat_lit 3))))
                                  (@ite.{1} Rat (@Eq.{1} Bool Bool.false Bool.true)
                                    (instDecidableEqBool Bool.false Bool.true)
                                    (@OfNat.ofNat.{0} Rat (nat_lit 1) (@Rat.instOfNat (nat_lit 1)))
                                    (@OfNat.ofNat.{0} Rat (nat_lit 0) (@Rat.instOfNat (nat_lit 0)))))
                                (@HMul.hMul.{0, 0, 0} Rat Rat Rat (@instHMul.{0} Rat Rat.instMul)
                                  (@HDiv.hDiv.{0, 0, 0} Rat Rat Rat (@instHDiv.{0} Rat Rat.instDiv)
                                    (@OfNat.ofNat.{0} Rat (nat_lit 1) (@Rat.instOfNat (nat_lit 1)))
                                    (@OfNat.ofNat.{0} Rat (nat_lit 4) (@Rat.instOfNat (nat_lit 4))))
                                  (@ite.{1} Rat (@Eq.{1} Bool Bool.false Bool.true)
                                    (instDecidableEqBool Bool.false Bool.true)
                                    (@OfNat.ofNat.{0} Rat (nat_lit 1) (@Rat.instOfNat (nat_lit 1)))
                                    (@OfNat.ofNat.{0} Rat (nat_lit 0) (@Rat.instOfNat (nat_lit 0))))))
                              (@HMul.hMul.{0, 0, 0} Rat Rat Rat (@instHMul.{0} Rat Rat.instMul)
                                (@HDiv.hDiv.{0, 0, 0} Rat Rat Rat (@instHDiv.{0} Rat Rat.instDiv)
                                  (@OfNat.ofNat.{0} Rat (nat_lit 1) (@Rat.instOfNat (nat_lit 1)))
                                  (@OfNat.ofNat.{0} Rat (nat_lit 5) (@Rat.instOfNat (nat_lit 5))))
                                (@ite.{1} Rat (@Eq.{1} Bool b5 Bool.true) (instDecidableEqBool b5 Bool.true)
                                  (@OfNat.ofNat.{0} Rat (nat_lit 1) (@Rat.instOfNat (nat_lit 1)))
                                  (@OfNat.ofNat.{0} Rat (nat_lit 0) (@Rat.instOfNat (nat_lit 0))))))
                            (@HMul.hMul.{0, 0, 0} Rat Rat Rat (@instHMul.{0} Rat Rat.instMul)
                              (@HDiv.hDiv.{0, 0, 0} Rat Rat Rat (@instHDiv.{0} Rat Rat.instDiv)
                                (@OfNat.ofNat.{0} Rat (nat_lit 1) (@Rat.instOfNat (nat_lit 1)))
                                (@OfNat.ofNat.{0} Rat (nat_lit 6) (@Rat.instOfNat (nat_lit 6))))
                              (@ite.{1} Rat (@Eq.{1} Bool b6 Bool.true) (instDecidableEqBool b6 Bool.true)
                                (@OfNat.ofNat.{0} Rat (nat_lit 1) (@Rat.instOfNat (nat_lit 1)))
                                (@OfNat.ofNat.{0} Rat (nat_lit 0) (@Rat.instOfNat (nat_lit 0))))))
                          (@OfNat.ofNat.{0} Rat (nat_lit 1) (@Rat.instOfNat (nat_lit 1)))))
                      (Not
                        (Or (@Eq.{1} Bool Bool.false Bool.true)
                          (Or (@Eq.{1} Bool Bool.false Bool.true)
                            (Or (@Eq.{1} Bool b5 Bool.true) (@Eq.{1} Bool b6 Bool.true))))))
                b5
                (fun (h : ⋯) =>
                  @Eq.ndrec.{0, 1} Bool Bool.false
                    (fun (b5 : Bool) =>
                      Or
                        (Not
                          (@Eq.{1} Rat
                            (@HAdd.hAdd.{0, 0, 0} Rat Rat Rat (@instHAdd.{0} Rat Rat.instAdd)
                              (@HAdd.hAdd.{0, 0, 0} Rat Rat Rat (@instHAdd.{0} Rat Rat.instAdd)
                                (@HAdd.hAdd.{0, 0, 0} Rat Rat Rat (@instHAdd.{0} Rat Rat.instAdd)
                                  (@HMul.hMul.{0, 0, 0} Rat Rat Rat (@instHMul.{0} Rat Rat.instMul)
                                    (@HDiv.hDiv.{0, 0, 0} Rat Rat Rat (@instHDiv.{0} Rat Rat.instDiv)
                                      (@OfNat.ofNat.{0} Rat (nat_lit 1) (@Rat.instOfNat (nat_lit 1)))
                                      (@OfNat.ofNat.{0} Rat (nat_lit 3) (@Rat.instOfNat (nat_lit 3))))
                                    (@ite.{1} Rat (@Eq.{1} Bool Bool.false Bool.true)
                                      (instDecidableEqBool Bool.false Bool.true)
                                      (@OfNat.ofNat.{0} Rat (nat_lit 1) (@Rat.instOfNat (nat_lit 1)))
                                      (@OfNat.ofNat.{0} Rat (nat_lit 0) (@Rat.instOfNat (nat_lit 0)))))
                                  (@HMul.hMul.{0, 0, 0} Rat Rat Rat (@instHMul.{0} Rat Rat.instMul)
                                    (@HDiv.hDiv.{0, 0, 0} Rat Rat Rat (@instHDiv.{0} Rat Rat.instDiv)
                                      (@OfNat.ofNat.{0} Rat (nat_lit 1) (@Rat.instOfNat (nat_lit 1)))
                                      (@OfNat.ofNat.{0} Rat (nat_lit 4) (@Rat.instOfNat (nat_lit 4))))
                                    (@ite.{1} Rat (@Eq.{1} Bool Bool.false Bool.true)
                                      (instDecidableEqBool Bool.false Bool.true)
                                      (@OfNat.ofNat.{0} Rat (nat_lit 1) (@Rat.instOfNat (nat_lit 1)))
                                      (@OfNat.ofNat.{0} Rat (nat_lit 0) (@Rat.instOfNat (nat_lit 0))))))
                                (@HMul.hMul.{0, 0, 0} Rat Rat Rat (@instHMul.{0} Rat Rat.instMul)
                                  (@HDiv.hDiv.{0, 0, 0} Rat Rat Rat (@instHDiv.{0} Rat Rat.instDiv)
                                    (@OfNat.ofNat.{0} Rat (nat_lit 1) (@Rat.instOfNat (nat_lit 1)))
                                    (@OfNat.ofNat.{0} Rat (nat_lit 5) (@Rat.instOfNat (nat_lit 5))))
                                  (@ite.{1} Rat (@Eq.{1} Bool b5 Bool.true) (instDecidableEqBool b5 Bool.true)
                                    (@OfNat.ofNat.{0} Rat (nat_lit 1) (@Rat.instOfNat (nat_lit 1)))
                                    (@OfNat.ofNat.{0} Rat (nat_lit 0) (@Rat.instOfNat (nat_lit 0))))))
                              (@HMul.hMul.{0, 0, 0} Rat Rat Rat (@instHMul.{0} Rat Rat.instMul)
                                (@HDiv.hDiv.{0, 0, 0} Rat Rat Rat (@instHDiv.{0} Rat Rat.instDiv)
                                  (@OfNat.ofNat.{0} Rat (nat_lit 1) (@Rat.instOfNat (nat_lit 1)))
                                  (@OfNat.ofNat.{0} Rat (nat_lit 6) (@Rat.instOfNat (nat_lit 6))))
                                (@ite.{1} Rat (@Eq.{1} Bool b6 Bool.true) (instDecidableEqBool b6 Bool.true)
                                  (@OfNat.ofNat.{0} Rat (nat_lit 1) (@Rat.instOfNat (nat_lit 1)))
                                  (@OfNat.ofNat.{0} Rat (nat_lit 0) (@Rat.instOfNat (nat_lit 0))))))
                            (@OfNat.ofNat.{0} Rat (nat_lit 1) (@Rat.instOfNat (nat_lit 1)))))
                        (Not
                          (Or (@Eq.{1} Bool Bool.false Bool.true)
                            (Or (@Eq.{1} Bool Bool.false Bool.true)
                              (Or (@Eq.{1} Bool b5 Bool.true) (@Eq.{1} Bool b6 Bool.true))))))
                    (@Bool.casesOn.{0}
                      (fun (t : Bool) =>
                        ∀ (h : @Eq.{1} Bool b6 t),
                          Or
                            (Not
                              (@Eq.{1} Rat
                                (@HAdd.hAdd.{0, 0, 0} Rat Rat Rat (@instHAdd.{0} Rat Rat.instAdd)
                                  (@HAdd.hAdd.{0, 0, 0} Rat Rat Rat (@instHAdd.{0} Rat Rat.instAdd)
                                    (@HAdd.hAdd.{0, 0, 0} Rat Rat Rat (@instHAdd.{0} Rat Rat.instAdd)
                                      (@HMul.hMul.{0, 0, 0} Rat Rat Rat (@instHMul.{0} Rat Rat.instMul)
                                        (@HDiv.hDiv.{0, 0, 0} Rat Rat Rat (@instHDiv.{0} Rat Rat.instDiv)
                                          (@OfNat.ofNat.{0} Rat (nat_lit 1) (@Rat.instOfNat (nat_lit 1)))
                                          (@OfNat.ofNat.{0} Rat (nat_lit 3) (@Rat.instOfNat (nat_lit 3))))
                                        (@ite.{1} Rat (@Eq.{1} Bool Bool.false Bool.true)
                                          (instDecidableEqBool Bool.false Bool.true)
                                          (@OfNat.ofNat.{0} Rat (nat_lit 1) (@Rat.instOfNat (nat_lit 1)))
                                          (@OfNat.ofNat.{0} Rat (nat_lit 0) (@Rat.instOfNat (nat_lit 0)))))
                                      (@HMul.hMul.{0, 0, 0} Rat Rat Rat (@instHMul.{0} Rat Rat.instMul)
                                        (@HDiv.hDiv.{0, 0, 0} Rat Rat Rat (@instHDiv.{0} Rat Rat.instDiv)
                                          (@OfNat.ofNat.{0} Rat (nat_lit 1) (@Rat.instOfNat (nat_lit 1)))
                                          (@OfNat.ofNat.{0} Rat (nat_lit 4) (@Rat.instOfNat (nat_lit 4))))
                                        (@ite.{1} Rat (@Eq.{1} Bool Bool.false Bool.true)
                                          (instDecidableEqBool Bool.false Bool.true)
                                          (@OfNat.ofNat.{0} Rat (nat_lit 1) (@Rat.instOfNat (nat_lit 1)))
                                          (@OfNat.ofNat.{0} Rat (nat_lit 0) (@Rat.instOfNat (nat_lit 0))))))
                                    (@HMul.hMul.{0, 0, 0} Rat Rat Rat (@instHMul.{0} Rat Rat.instMul)
                                      (@HDiv.hDiv.{0, 0, 0} Rat Rat Rat (@instHDiv.{0} Rat Rat.instDiv)
                                        (@OfNat.ofNat.{0} Rat (nat_lit 1) (@Rat.instOfNat (nat_lit 1)))
                                        (@OfNat.ofNat.{0} Rat (nat_lit 5) (@Rat.instOfNat (nat_lit 5))))
                                      (@ite.{1} Rat (@Eq.{1} Bool Bool.false Bool.true)
                                        (instDecidableEqBool Bool.false Bool.true)
                                        (@OfNat.ofNat.{0} Rat (nat_lit 1) (@Rat.instOfNat (nat_lit 1)))
                                        (@OfNat.ofNat.{0} Rat (nat_lit 0) (@Rat.instOfNat (nat_lit 0))))))
                                  (@HMul.hMul.{0, 0, 0} Rat Rat Rat (@instHMul.{0} Rat Rat.instMul)
                                    (@HDiv.hDiv.{0, 0, 0} Rat Rat Rat (@instHDiv.{0} Rat Rat.instDiv)
                                      (@OfNat.ofNat.{0} Rat (nat_lit 1) (@Rat.instOfNat (nat_lit 1)))
                                      (@OfNat.ofNat.{0} Rat (nat_lit 6) (@Rat.instOfNat (nat_lit 6))))
                                    (@ite.{1} Rat (@Eq.{1} Bool b6 Bool.true) (instDecidableEqBool b6 Bool.true)
                                      (@OfNat.ofNat.{0} Rat (nat_lit 1) (@Rat.instOfNat (nat_lit 1)))
                                      (@OfNat.ofNat.{0} Rat (nat_lit 0) (@Rat.instOfNat (nat_lit 0))))))
                                (@OfNat.ofNat.{0} Rat (nat_lit 1) (@Rat.instOfNat (nat_lit 1)))))
                            (Not
                              (Or (@Eq.{1} Bool Bool.false Bool.true)
                                (Or (@Eq.{1} Bool Bool.false Bool.true)
                                  (Or (@Eq.{1} Bool Bool.false Bool.true) (@Eq.{1} Bool b6 Bool.true))))))
                      b6
                      (fun (h : ⋯) =>
                        @Eq.ndrec.{0, 1} Bool Bool.false
                          (fun (b6 : Bool) =>
                            Or
                              (Not
                                (@Eq.{1} Rat
                                  (@HAdd.hAdd.{0, 0, 0} Rat Rat Rat (@instHAdd.{0} Rat Rat.instAdd)
                                    (@HAdd.hAdd.{0, 0, 0} Rat Rat Rat (@instHAdd.{0} Rat Rat.instAdd)
                                      (@HAdd.hAdd.{0, 0, 0} Rat Rat Rat (@instHAdd.{0} Rat Rat.instAdd)
                                        (@HMul.hMul.{0, 0, 0} Rat Rat Rat (@instHMul.{0} Rat Rat.instMul)
                                          (@HDiv.hDiv.{0, 0, 0} Rat Rat Rat (@instHDiv.{0} Rat Rat.instDiv)
                                            (@OfNat.ofNat.{0} Rat (nat_lit 1) (@Rat.instOfNat (nat_lit 1)))
                                            (@OfNat.ofNat.{0} Rat (nat_lit 3) (@Rat.instOfNat (nat_lit 3))))
                                          (@ite.{1} Rat (@Eq.{1} Bool Bool.false Bool.true)
                                            (instDecidableEqBool Bool.false Bool.true)
                                            (@OfNat.ofNat.{0} Rat (nat_lit 1) (@Rat.instOfNat (nat_lit 1)))
                                            (@OfNat.ofNat.{0} Rat (nat_lit 0) (@Rat.instOfNat (nat_lit 0)))))
                                        (@HMul.hMul.{0, 0, 0} Rat Rat Rat (@instHMul.{0} Rat Rat.instMul)
                                          (@HDiv.hDiv.{0, 0, 0} Rat Rat Rat (@instHDiv.{0} Rat Rat.instDiv)
                                            (@OfNat.ofNat.{0} Rat (nat_lit 1) (@Rat.instOfNat (nat_lit 1)))
                                            (@OfNat.ofNat.{0} Rat (nat_lit 4) (@Rat.instOfNat (nat_lit 4))))
                                          (@ite.{1} Rat (@Eq.{1} Bool Bool.false Bool.true)
                                            (instDecidableEqBool Bool.false Bool.true)
                                            (@OfNat.ofNat.{0} Rat (nat_lit 1) (@Rat.instOfNat (nat_lit 1)))
                                            (@OfNat.ofNat.{0} Rat (nat_lit 0) (@Rat.instOfNat (nat_lit 0))))))
                                      (@HMul.hMul.{0, 0, 0} Rat Rat Rat (@instHMul.{0} Rat Rat.instMul)
                                        (@HDiv.hDiv.{0, 0, 0} Rat Rat Rat (@instHDiv.{0} Rat Rat.instDiv)
                                          (@OfNat.ofNat.{0} Rat (nat_lit 1) (@Rat.instOfNat (nat_lit 1)))
                                          (@OfNat.ofNat.{0} Rat (nat_lit 5) (@Rat.instOfNat (nat_lit 5))))
                                        (@ite.{1} Rat (@Eq.{1} Bool Bool.false Bool.true)
                                          (instDecidableEqBool Bool.false Bool.true)
                                          (@OfNat.ofNat.{0} Rat (nat_lit 1) (@Rat.instOfNat (nat_lit 1)))
                                          (@OfNat.ofNat.{0} Rat (nat_lit 0) (@Rat.instOfNat (nat_lit 0))))))
                                    (@HMul.hMul.{0, 0, 0} Rat Rat Rat (@instHMul.{0} Rat Rat.instMul)
                                      (@HDiv.hDiv.{0, 0, 0} Rat Rat Rat (@instHDiv.{0} Rat Rat.instDiv)
                                        (@OfNat.ofNat.{0} Rat (nat_lit 1) (@Rat.instOfNat (nat_lit 1)))
                                        (@OfNat.ofNat.{0} Rat (nat_lit 6) (@Rat.instOfNat (nat_lit 6))))
                                      (@ite.{1} Rat (@Eq.{1} Bool b6 Bool.true) (instDecidableEqBool b6 Bool.true)
                                        (@OfNat.ofNat.{0} Rat (nat_lit 1) (@Rat.instOfNat (nat_lit 1)))
                                        (@OfNat.ofNat.{0} Rat (nat_lit 0) (@Rat.instOfNat (nat_lit 0))))))
                                  (@OfNat.ofNat.{0} Rat (nat_lit 1) (@Rat.instOfNat (nat_lit 1)))))
                              (Not
                                (Or (@Eq.{1} Bool Bool.false Bool.true)
                                  (Or (@Eq.{1} Bool Bool.false Bool.true)
                                    (Or (@Eq.{1} Bool Bool.false Bool.true) (@Eq.{1} Bool b6 Bool.true))))))
                          (@of_eq_true
                            (Or
                              (Not
                                (@Eq.{1} Rat
                                  (@HAdd.hAdd.{0, 0, 0} Rat Rat Rat (@instHAdd.{0} Rat Rat.instAdd)
                                    (@HAdd.hAdd.{0, 0, 0} Rat Rat Rat (@instHAdd.{0} Rat Rat.instAdd)
                                      (@HAdd.hAdd.{0, 0, 0} Rat Rat Rat (@instHAdd.{0} Rat Rat.instAdd)
                                        (@HMul.hMul.{0, 0, 0} Rat Rat Rat (@instHMul.{0} Rat Rat.instMul)
                                          (@HDiv.hDiv.{0, 0, 0} Rat Rat Rat (@instHDiv.{0} Rat Rat.instDiv)
                                            (@OfNat.ofNat.{0} Rat (nat_lit 1) (@Rat.instOfNat (nat_lit 1)))
                                            (@OfNat.ofNat.{0} Rat (nat_lit 3) (@Rat.instOfNat (nat_lit 3))))
                                          (@ite.{1} Rat (@Eq.{1} Bool Bool.false Bool.true)
                                            (instDecidableEqBool Bool.false Bool.true)
                                            (@OfNat.ofNat.{0} Rat (nat_lit 1) (@Rat.instOfNat (nat_lit 1)))
                                            (@OfNat.ofNat.{0} Rat (nat_lit 0) (@Rat.instOfNat (nat_lit 0)))))
                                        (@HMul.hMul.{0, 0, 0} Rat Rat Rat (@instHMul.{0} Rat Rat.instMul)
                                          (@HDiv.hDiv.{0, 0, 0} Rat Rat Rat (@instHDiv.{0} Rat Rat.instDiv)
                                            (@OfNat.ofNat.{0} Rat (nat_lit 1) (@Rat.instOfNat (nat_lit 1)))
                                            (@OfNat.ofNat.{0} Rat (nat_lit 4) (@Rat.instOfNat (nat_lit 4))))
                                          (@ite.{1} Rat (@Eq.{1} Bool Bool.false Bool.true)
                                            (instDecidableEqBool Bool.false Bool.true)
                                            (@OfNat.ofNat.{0} Rat (nat_lit 1) (@Rat.instOfNat (nat_lit 1)))
                                            (@OfNat.ofNat.{0} Rat (nat_lit 0) (@Rat.instOfNat (nat_lit 0))))))
                                      (@HMul.hMul.{0, 0, 0} Rat Rat Rat (@instHMul.{0} Rat Rat.instMul)
                                        (@HDiv.hDiv.{0, 0, 0} Rat Rat Rat (@instHDiv.{0} Rat Rat.instDiv)
                                          (@OfNat.ofNat.{0} Rat (nat_lit 1) (@Rat.instOfNat (nat_lit 1)))
                                          (@OfNat.ofNat.{0} Rat (nat_lit 5) (@Rat.instOfNat (nat_lit 5))))
                                        (@ite.{1} Rat (@Eq.{1} Bool Bool.false Bool.true)
                                          (instDecidableEqBool Bool.false Bool.true)
                                          (@OfNat.ofNat.{0} Rat (nat_lit 1) (@Rat.instOfNat (nat_lit 1)))
                                          (@OfNat.ofNat.{0} Rat (nat_lit 0) (@Rat.instOfNat (nat_lit 0))))))
                                    (@HMul.hMul.{0, 0, 0} Rat Rat Rat (@instHMul.{0} Rat Rat.instMul)
                                      (@HDiv.hDiv.{0, 0, 0} Rat Rat Rat (@instHDiv.{0} Rat Rat.instDiv)
                                        (@OfNat.ofNat.{0} Rat (nat_lit 1) (@Rat.instOfNat (nat_lit 1)))
                                        (@OfNat.ofNat.{0} Rat (nat_lit 6) (@Rat.instOfNat (nat_lit 6))))
                                      (@ite.{1} Rat (@Eq.{1} Bool Bool.false Bool.true)
                                        (instDecidableEqBool Bool.false Bool.true)
                                        (@OfNat.ofNat.{0} Rat (nat_lit 1) (@Rat.instOfNat (nat_lit 1)))
                                        (@OfNat.ofNat.{0} Rat (nat_lit 0) (@Rat.instOfNat (nat_lit 0))))))
                                  (@OfNat.ofNat.{0} Rat (nat_lit 1) (@Rat.instOfNat (nat_lit 1)))))
                              (Not
                                (Or (@Eq.{1} Bool Bool.false Bool.true)
                                  (Or (@Eq.{1} Bool Bool.false Bool.true)
                                    (Or (@Eq.{1} Bool Bool.false Bool.true) (@Eq.{1} Bool Bool.false Bool.true))))))
                            (@Eq.trans.{1} Prop
                              (Or
                                (Not
                                  (@Eq.{1} Rat
                                    (@HAdd.hAdd.{0, 0, 0} Rat Rat Rat (@instHAdd.{0} Rat Rat.instAdd)
                                      (@HAdd.hAdd.{0, 0, 0} Rat Rat Rat (@instHAdd.{0} Rat Rat.instAdd)
                                        (@HAdd.hAdd.{0, 0, 0} Rat Rat Rat (@instHAdd.{0} Rat Rat.instAdd)
                                          (@HMul.hMul.{0, 0, 0} Rat Rat Rat (@instHMul.{0} Rat Rat.instMul)
                                            (@HDiv.hDiv.{0, 0, 0} Rat Rat Rat (@instHDiv.{0} Rat Rat.instDiv)
                                              (@OfNat.ofNat.{0} Rat (nat_lit 1) (@Rat.instOfNat (nat_lit 1)))
                                              (@OfNat.ofNat.{0} Rat (nat_lit 3) (@Rat.instOfNat (nat_lit 3))))
                                            (@ite.{1} Rat (@Eq.{1} Bool Bool.false Bool.true)
                                              (instDecidableEqBool Bool.false Bool.true)
                                              (@OfNat.ofNat.{0} Rat (nat_lit 1) (@Rat.instOfNat (nat_lit 1)))
                                              (@OfNat.ofNat.{0} Rat (nat_lit 0) (@Rat.instOfNat (nat_lit 0)))))
                                          (@HMul.hMul.{0, 0, 0} Rat Rat Rat (@instHMul.{0} Rat Rat.instMul)
                                            (@HDiv.hDiv.{0, 0, 0} Rat Rat Rat (@instHDiv.{0} Rat Rat.instDiv)
                                              (@OfNat.ofNat.{0} Rat (nat_lit 1) (@Rat.instOfNat (nat_lit 1)))
                                              (@OfNat.ofNat.{0} Rat (nat_lit 4) (@Rat.instOfNat (nat_lit 4))))
                                            (@ite.{1} Rat (@Eq.{1} Bool Bool.false Bool.true)
                                              (instDecidableEqBool Bool.false Bool.true)
                                              (@OfNat.ofNat.{0} Rat (nat_lit 1) (@Rat.instOfNat (nat_lit 1)))
                                              (@OfNat.ofNat.{0} Rat (nat_lit 0) (@Rat.instOfNat (nat_lit 0))))))
                                        (@HMul.hMul.{0, 0, 0} Rat Rat Rat (@instHMul.{0} Rat Rat.instMul)
                                          (@HDiv.hDiv.{0, 0, 0} Rat Rat Rat (@instHDiv.{0} Rat Rat.instDiv)
                                            (@OfNat.ofNat.{0} Rat (nat_lit 1) (@Rat.instOfNat (nat_lit 1)))
                                            (@OfNat.ofNat.{0} Rat (nat_lit 5) (@Rat.instOfNat (nat_lit 5))))
                                          (@ite.{1} Rat (@Eq.{1} Bool Bool.false Bool.true)
                                            (instDecidableEqBool Bool.false Bool.true)
                                            (@OfNat.ofNat.{0} Rat (nat_lit 1) (@Rat.instOfNat (nat_lit 1)))
                                            (@OfNat.ofNat.{0} Rat (nat_lit 0) (@Rat.instOfNat (nat_lit 0))))))
                                      (@HMul.hMul.{0, 0, 0} Rat Rat Rat (@instHMul.{0} Rat Rat.instMul)
                                        (@HDiv.hDiv.{0, 0, 0} Rat Rat Rat (@instHDiv.{0} Rat Rat.instDiv)
                                          (@OfNat.ofNat.{0} Rat (nat_lit 1) (@Rat.instOfNat (nat_lit 1)))
                                          (@OfNat.ofNat.{0} Rat (nat_lit 6) (@Rat.instOfNat (nat_lit 6))))
                                        (@ite.{1} Rat (@Eq.{1} Bool Bool.false Bool.true)
                                          (instDecidableEqBool Bool.false Bool.true)
                                          (@OfNat.ofNat.{0} Rat (nat_lit 1) (@Rat.instOfNat (nat_lit 1)))
                                          (@OfNat.ofNat.{0} Rat (nat_lit 0) (@Rat.instOfNat (nat_lit 0))))))
                                    (@OfNat.ofNat.{0} Rat (nat_lit 1) (@Rat.instOfNat (nat_lit 1)))))
                                (Not
                                  (Or (@Eq.{1} Bool Bool.false Bool.true)
                                    (Or (@Eq.{1} Bool Bool.false Bool.true)
                                      (Or (@Eq.{1} Bool Bool.false Bool.true) (@Eq.{1} Bool Bool.false Bool.true))))))
                              True True
                              (@Eq.trans.{1} Prop
                                (Or
                                  (Not
                                    (@Eq.{1} Rat
                                      (@HAdd.hAdd.{0, 0, 0} Rat Rat Rat (@instHAdd.{0} Rat Rat.instAdd)
                                        (@HAdd.hAdd.{0, 0, 0} Rat Rat Rat (@instHAdd.{0} Rat Rat.instAdd)
                                          (@HAdd.hAdd.{0, 0, 0} Rat Rat Rat (@instHAdd.{0} Rat Rat.instAdd)
                                            (@HMul.hMul.{0, 0, 0} Rat Rat Rat (@instHMul.{0} Rat Rat.instMul)
                                              (@HDiv.hDiv.{0, 0, 0} Rat Rat Rat (@instHDiv.{0} Rat Rat.instDiv)
                                                (@OfNat.ofNat.{0} Rat (nat_lit 1) (@Rat.instOfNat (nat_lit 1)))
                                                (@OfNat.ofNat.{0} Rat (nat_lit 3) (@Rat.instOfNat (nat_lit 3))))
                                              (@ite.{1} Rat (@Eq.{1} Bool Bool.false Bool.true)
                                                (instDecidableEqBool Bool.false Bool.true)
                                                (@OfNat.ofNat.{0} Rat (nat_lit 1) (@Rat.instOfNat (nat_lit 1)))
                                                (@OfNat.ofNat.{0} Rat (nat_lit 0) (@Rat.instOfNat (nat_lit 0)))))
                                            (@HMul.hMul.{0, 0, 0} Rat Rat Rat (@instHMul.{0} Rat Rat.instMul)
                                              (@HDiv.hDiv.{0, 0, 0} Rat Rat Rat (@instHDiv.{0} Rat Rat.instDiv)
                                                (@OfNat.ofNat.{0} Rat (nat_lit 1) (@Rat.instOfNat (nat_lit 1)))
                                                (@OfNat.ofNat.{0} Rat (nat_lit 4) (@Rat.instOfNat (nat_lit 4))))
                                              (@ite.{1} Rat (@Eq.{1} Bool Bool.false Bool.true)
                                                (instDecidableEqBool Bool.false Bool.true)
                                                (@OfNat.ofNat.{0} Rat (nat_lit 1) (@Rat.instOfNat (nat_lit 1)))
                                                (@OfNat.ofNat.{0} Rat (nat_lit 0) (@Rat.instOfNat (nat_lit 0))))))
                                          (@HMul.hMul.{0, 0, 0} Rat Rat Rat (@instHMul.{0} Rat Rat.instMul)
                                            (@HDiv.hDiv.{0, 0, 0} Rat Rat Rat (@instHDiv.{0} Rat Rat.instDiv)
                                              (@OfNat.ofNat.{0} Rat (nat_lit 1) (@Rat.instOfNat (nat_lit 1)))
                                              (@OfNat.ofNat.{0} Rat (nat_lit 5) (@Rat.instOfNat (nat_lit 5))))
                                            (@ite.{1} Rat (@Eq.{1} Bool Bool.false Bool.true)
                                              (instDecidableEqBool Bool.false Bool.true)
                                              (@OfNat.ofNat.{0} Rat (nat_lit 1) (@Rat.instOfNat (nat_lit 1)))
                                              (@OfNat.ofNat.{0} Rat (nat_lit 0) (@Rat.instOfNat (nat_lit 0))))))
                                        (@HMul.hMul.{0, 0, 0} Rat Rat Rat (@instHMul.{0} Rat Rat.instMul)
                                          (@HDiv.hDiv.{0, 0, 0} Rat Rat Rat (@instHDiv.{0} Rat Rat.instDiv)
                                            (@OfNat.ofNat.{0} Rat (nat_lit 1) (@Rat.instOfNat (nat_lit 1)))
                                            (@OfNat.ofNat.{0} Rat (nat_lit 6) (@Rat.instOfNat (nat_lit 6))))
                                          (@ite.{1} Rat (@Eq.{1} Bool Bool.false Bool.true)
                                            (instDecidableEqBool Bool.false Bool.true)
                                            (@OfNat.ofNat.{0} Rat (nat_lit 1) (@Rat.instOfNat (nat_lit 1)))
                                            (@OfNat.ofNat.{0} Rat (nat_lit 0) (@Rat.instOfNat (nat_lit 0))))))
                                      (@OfNat.ofNat.{0} Rat (nat_lit 1) (@Rat.instOfNat (nat_lit 1)))))
                                  (Not
                                    (Or (@Eq.{1} Bool Bool.false Bool.true)
                                      (Or (@Eq.{1} Bool Bool.false Bool.true)
                                        (Or (@Eq.{1} Bool Bool.false Bool.true) (@Eq.{1} Bool Bool.false Bool.true))))))
                                (Or True True) True
                                (@congr.{1, 1} Prop Prop
                                  (Or
                                    (Not
                                      (@Eq.{1} Rat
                                        (@HAdd.hAdd.{0, 0, 0} Rat Rat Rat (@instHAdd.{0} Rat Rat.instAdd)
                                          (@HAdd.hAdd.{0, 0, 0} Rat Rat Rat (@instHAdd.{0} Rat Rat.instAdd)
                                            (@HAdd.hAdd.{0, 0, 0} Rat Rat Rat (@instHAdd.{0} Rat Rat.instAdd)
                                              (@HMul.hMul.{0, 0, 0} Rat Rat Rat (@instHMul.{0} Rat Rat.instMul)
                                                (@HDiv.hDiv.{0, 0, 0} Rat Rat Rat (@instHDiv.{0} Rat Rat.instDiv)
                                                  (@OfNat.ofNat.{0} Rat (nat_lit 1) (@Rat.instOfNat (nat_lit 1)))
                                                  (@OfNat.ofNat.{0} Rat (nat_lit 3) (@Rat.instOfNat (nat_lit 3))))
                                                (@ite.{1} Rat (@Eq.{1} Bool Bool.false Bool.true)
                                                  (instDecidableEqBool Bool.false Bool.true)
                                                  (@OfNat.ofNat.{0} Rat (nat_lit 1) (@Rat.instOfNat (nat_lit 1)))
                                                  (@OfNat.ofNat.{0} Rat (nat_lit 0) (@Rat.instOfNat (nat_lit 0)))))
                                              (@HMul.hMul.{0, 0, 0} Rat Rat Rat (@instHMul.{0} Rat Rat.instMul)
                                                (@HDiv.hDiv.{0, 0, 0} Rat Rat Rat (@instHDiv.{0} Rat Rat.instDiv)
                                                  (@OfNat.ofNat.{0} Rat (nat_lit 1) (@Rat.instOfNat (nat_lit 1)))
                                                  (@OfNat.ofNat.{0} Rat (nat_lit 4) (@Rat.instOfNat (nat_lit 4))))
                                                (@ite.{1} Rat (@Eq.{1} Bool Bool.false Bool.true)
                                                  (instDecidableEqBool Bool.false Bool.true)
                                                  (@OfNat.ofNat.{0} Rat (nat_lit 1) (@Rat.instOfNat (nat_lit 1)))
                                                  (@OfNat.ofNat.{0} Rat (nat_lit 0) (@Rat.instOfNat (nat_lit 0))))))
                                            (@HMul.hMul.{0, 0, 0} Rat Rat Rat (@instHMul.{0} Rat Rat.instMul)
                                              (@HDiv.hDiv.{0, 0, 0} Rat Rat Rat (@instHDiv.{0} Rat Rat.instDiv)
                                                (@OfNat.ofNat.{0} Rat (nat_lit 1) (@Rat.instOfNat (nat_lit 1)))
                                                (@OfNat.ofNat.{0} Rat (nat_lit 5) (@Rat.instOfNat (nat_lit 5))))
                                              (@ite.{1} Rat (@Eq.{1} Bool Bool.false Bool.true)
                                                (instDecidableEqBool Bool.false Bool.true)
                                                (@OfNat.ofNat.{0} Rat (nat_lit 1) (@Rat.instOfNat (nat_lit 1)))
                                                (@OfNat.ofNat.{0} Rat (nat_lit 0) (@Rat.instOfNat (nat_lit 0))))))
                                          (@HMul.hMul.{0, 0, 0} Rat Rat Rat (@instHMul.{0} Rat Rat.instMul)
                                            (@HDiv.hDiv.{0, 0, 0} Rat Rat Rat (@instHDiv.{0} Rat Rat.instDiv)
                                              (@OfNat.ofNat.{0} Rat (nat_lit 1) (@Rat.instOfNat (nat_lit 1)))
                                              (@OfNat.ofNat.{0} Rat (nat_lit 6) (@Rat.instOfNat (nat_lit 6))))
                                            (@ite.{1} Rat (@Eq.{1} Bool Bool.false Bool.true)
                                              (instDecidableEqBool Bool.false Bool.true)
                                              (@OfNat.ofNat.{0} Rat (nat_lit 1) (@Rat.instOfNat (nat_lit 1)))
                                              (@OfNat.ofNat.{0} Rat (nat_lit 0) (@Rat.instOfNat (nat_lit 0))))))
                                        (@OfNat.ofNat.{0} Rat (nat_lit 1) (@Rat.instOfNat (nat_lit 1))))))
                                  (Or True)
                                  (Not
                                    (Or (@Eq.{1} Bool Bool.false Bool.true)
                                      (Or (@Eq.{1} Bool Bool.false Bool.true)
                                        (Or (@Eq.{1} Bool Bool.false Bool.true) (@Eq.{1} Bool Bool.false Bool.true)))))
                                  True
                                  (@congrArg.{1, 1} Prop ((b : Prop) → Prop)
                                    (Not
                                      (@Eq.{1} Rat
                                        (@HAdd.hAdd.{0, 0, 0} Rat Rat Rat (@instHAdd.{0} Rat Rat.instAdd)
                                          (@HAdd.hAdd.{0, 0, 0} Rat Rat Rat (@instHAdd.{0} Rat Rat.instAdd)
                                            (@HAdd.hAdd.{0, 0, 0} Rat Rat Rat (@instHAdd.{0} Rat Rat.instAdd)
                                              (@HMul.hMul.{0, 0, 0} Rat Rat Rat (@instHMul.{0} Rat Rat.instMul)
                                                (@HDiv.hDiv.{0, 0, 0} Rat Rat Rat (@instHDiv.{0} Rat Rat.instDiv)
                                                  (@OfNat.ofNat.{0} Rat (nat_lit 1) (@Rat.instOfNat (nat_lit 1)))
                                                  (@OfNat.ofNat.{0} Rat (nat_lit 3) (@Rat.instOfNat (nat_lit 3))))
                                                (@ite.{1} Rat (@Eq.{1} Bool Bool.false Bool.true)
                                                  (instDecidableEqBool Bool.false Bool.true)
                                                  (@OfNat.ofNat.{0} Rat (nat_lit 1) (@Rat.instOfNat (nat_lit 1)))
                                                  (@OfNat.ofNat.{0} Rat (nat_lit 0) (@Rat.instOfNat (nat_lit 0)))))
                                              (@HMul.hMul.{0, 0, 0} Rat Rat Rat (@instHMul.{0} Rat Rat.instMul)
                                                (@HDiv.hDiv.{0, 0, 0} Rat Rat Rat (@instHDiv.{0} Rat Rat.instDiv)
                                                  (@OfNat.ofNat.{0} Rat (nat_lit 1) (@Rat.instOfNat (nat_lit 1)))
                                                  (@OfNat.ofNat.{0} Rat (nat_lit 4) (@Rat.instOfNat (nat_lit 4))))
                                                (@ite.{1} Rat (@Eq.{1} Bool Bool.false Bool.true)
                                                  (instDecidableEqBool Bool.false Bool.true)
                                                  (@OfNat.ofNat.{0} Rat (nat_lit 1) (@Rat.instOfNat (nat_lit 1)))
                                                  (@OfNat.ofNat.{0} Rat (nat_lit 0) (@Rat.instOfNat (nat_lit 0))))))
                                            (@HMul.hMul.{0, 0, 0} Rat Rat Rat (@instHMul.{0} Rat Rat.instMul)
                                              (@HDiv.hDiv.{0, 0, 0} Rat Rat Rat (@instHDiv.{0} Rat Rat.instDiv)
                                                (@OfNat.ofNat.{0} Rat (nat_lit 1) (@Rat.instOfNat (nat_lit 1)))
                                                (@OfNat.ofNat.{0} Rat (nat_lit 5) (@Rat.instOfNat (nat_lit 5))))
                                              (@ite.{1} Rat (@Eq.{1} Bool Bool.false Bool.true)
                                                (instDecidableEqBool Bool.false Bool.true)
                                                (@OfNat.ofNat.{0} Rat (nat_lit 1) (@Rat.instOfNat (nat_lit 1)))
                                                (@OfNat.ofNat.{0} Rat (nat_lit 0) (@Rat.instOfNat (nat_lit 0))))))
                                          (@HMul.hMul.{0, 0, 0} Rat Rat Rat (@instHMul.{0} Rat Rat.instMul)
                                            (@HDiv.hDiv.{0, 0, 0} Rat Rat Rat (@instHDiv.{0} Rat Rat.instDiv)
                                              (@OfNat.ofNat.{0} Rat (nat_lit 1) (@Rat.instOfNat (nat_lit 1)))
                                              (@OfNat.ofNat.{0} Rat (nat_lit 6) (@Rat.instOfNat (nat_lit 6))))
                                            (@ite.{1} Rat (@Eq.{1} Bool Bool.false Bool.true)
                                              (instDecidableEqBool Bool.false Bool.true)
                                              (@OfNat.ofNat.{0} Rat (nat_lit 1) (@Rat.instOfNat (nat_lit 1)))
                                              (@OfNat.ofNat.{0} Rat (nat_lit 0) (@Rat.instOfNat (nat_lit 0))))))
                                        (@OfNat.ofNat.{0} Rat (nat_lit 1) (@Rat.instOfNat (nat_lit 1)))))
                                    True Or
                                    (@Eq.trans.{1} Prop
                                      (Not
                                        (@Eq.{1} Rat
                                          (@HAdd.hAdd.{0, 0, 0} Rat Rat Rat (@instHAdd.{0} Rat Rat.instAdd)
                                            (@HAdd.hAdd.{0, 0, 0} Rat Rat Rat (@instHAdd.{0} Rat Rat.instAdd)
                                              (@HAdd.hAdd.{0, 0, 0} Rat Rat Rat (@instHAdd.{0} Rat Rat.instAdd)
                                                (@HMul.hMul.{0, 0, 0} Rat Rat Rat (@instHMul.{0} Rat Rat.instMul)
                                                  (@HDiv.hDiv.{0, 0, 0} Rat Rat Rat (@instHDiv.{0} Rat Rat.instDiv)
                                                    (@OfNat.ofNat.{0} Rat (nat_lit 1) (@Rat.instOfNat (nat_lit 1)))
                                                    (@OfNat.ofNat.{0} Rat (nat_lit 3) (@Rat.instOfNat (nat_lit 3))))
                                                  (@ite.{1} Rat (@Eq.{1} Bool Bool.false Bool.true)
                                                    (instDecidableEqBool Bool.false Bool.true)
                                                    (@OfNat.ofNat.{0} Rat (nat_lit 1) (@Rat.instOfNat (nat_lit 1)))
                                                    (@OfNat.ofNat.{0} Rat (nat_lit 0) (@Rat.instOfNat (nat_lit 0)))))
                                                (@HMul.hMul.{0, 0, 0} Rat Rat Rat (@instHMul.{0} Rat Rat.instMul)
                                                  (@HDiv.hDiv.{0, 0, 0} Rat Rat Rat (@instHDiv.{0} Rat Rat.instDiv)
                                                    (@OfNat.ofNat.{0} Rat (nat_lit 1) (@Rat.instOfNat (nat_lit 1)))
                                                    (@OfNat.ofNat.{0} Rat (nat_lit 4) (@Rat.instOfNat (nat_lit 4))))
                                                  (@ite.{1} Rat (@Eq.{1} Bool Bool.false Bool.true)
                                                    (instDecidableEqBool Bool.false Bool.true)
                                                    (@OfNat.ofNat.{0} Rat (nat_lit 1) (@Rat.instOfNat (nat_lit 1)))
                                                    (@OfNat.ofNat.{0} Rat (nat_lit 0) (@Rat.instOfNat (nat_lit 0))))))
                                              (@HMul.hMul.{0, 0, 0} Rat Rat Rat (@instHMul.{0} Rat Rat.instMul)
                                                (@HDiv.hDiv.{0, 0, 0} Rat Rat Rat (@instHDiv.{0} Rat Rat.instDiv)
                                                  (@OfNat.ofNat.{0} Rat (nat_lit 1) (@Rat.instOfNat (nat_lit 1)))
                                                  (@OfNat.ofNat.{0} Rat (nat_lit 5) (@Rat.instOfNat (nat_lit 5))))
                                                (@ite.{1} Rat (@Eq.{1} Bool Bool.false Bool.true)
                                                  (instDecidableEqBool Bool.false Bool.true)
                                                  (@OfNat.ofNat.{0} Rat (nat_lit 1) (@Rat.instOfNat (nat_lit 1)))
                                                  (@OfNat.ofNat.{0} Rat (nat_lit 0) (@Rat.instOfNat (nat_lit 0))))))
                                            (@HMul.hMul.{0, 0, 0} Rat Rat Rat (@instHMul.{0} Rat Rat.instMul)
                                              (@HDiv.hDiv.{0, 0, 0} Rat Rat Rat (@instHDiv.{0} Rat Rat.instDiv)
                                                (@OfNat.ofNat.{0} Rat (nat_lit 1) (@Rat.instOfNat (nat_lit 1)))
                                                (@OfNat.ofNat.{0} Rat (nat_lit 6) (@Rat.instOfNat (nat_lit 6))))
                                              (@ite.{1} Rat (@Eq.{1} Bool Bool.false Bool.true)
                                                (instDecidableEqBool Bool.false Bool.true)
                                                (@OfNat.ofNat.{0} Rat (nat_lit 1) (@Rat.instOfNat (nat_lit 1)))
                                                (@OfNat.ofNat.{0} Rat (nat_lit 0) (@Rat.instOfNat (nat_lit 0))))))
                                          (@OfNat.ofNat.{0} Rat (nat_lit 1) (@Rat.instOfNat (nat_lit 1)))))
                                      True True
                                      (@Eq.trans.{1} Prop
                                        (Not
                                          (@Eq.{1} Rat
                                            (@HAdd.hAdd.{0, 0, 0} Rat Rat Rat (@instHAdd.{0} Rat Rat.instAdd)
                                              (@HAdd.hAdd.{0, 0, 0} Rat Rat Rat (@instHAdd.{0} Rat Rat.instAdd)
                                                (@HAdd.hAdd.{0, 0, 0} Rat Rat Rat (@instHAdd.{0} Rat Rat.instAdd)
                                                  (@HMul.hMul.{0, 0, 0} Rat Rat Rat (@instHMul.{0} Rat Rat.instMul)
                                                    (@HDiv.hDiv.{0, 0, 0} Rat Rat Rat (@instHDiv.{0} Rat Rat.instDiv)
                                                      (@OfNat.ofNat.{0} Rat (nat_lit 1) (@Rat.instOfNat (nat_lit 1)))
                                                      (@OfNat.ofNat.{0} Rat (nat_lit 3) (@Rat.instOfNat (nat_lit 3))))
                                                    (@ite.{1} Rat (@Eq.{1} Bool Bool.false Bool.true)
                                                      (instDecidableEqBool Bool.false Bool.true)
                                                      (@OfNat.ofNat.{0} Rat (nat_lit 1) (@Rat.instOfNat (nat_lit 1)))
                                                      (@OfNat.ofNat.{0} Rat (nat_lit 0) (@Rat.instOfNat (nat_lit 0)))))
                                                  (@HMul.hMul.{0, 0, 0} Rat Rat Rat (@instHMul.{0} Rat Rat.instMul)
                                                    (@HDiv.hDiv.{0, 0, 0} Rat Rat Rat (@instHDiv.{0} Rat Rat.instDiv)
                                                      (@OfNat.ofNat.{0} Rat (nat_lit 1) (@Rat.instOfNat (nat_lit 1)))
                                                      (@OfNat.ofNat.{0} Rat (nat_lit 4) (@Rat.instOfNat (nat_lit 4))))
                                                    (@ite.{1} Rat (@Eq.{1} Bool Bool.false Bool.true)
                                                      (instDecidableEqBool Bool.false Bool.true)
                                                      (@OfNat.ofNat.{0} Rat (nat_lit 1) (@Rat.instOfNat (nat_lit 1)))
                                                      (@OfNat.ofNat.{0} Rat (nat_lit 0) (@Rat.instOfNat (nat_lit 0))))))
                                                (@HMul.hMul.{0, 0, 0} Rat Rat Rat (@instHMul.{0} Rat Rat.instMul)
                                                  (@HDiv.hDiv.{0, 0, 0} Rat Rat Rat (@instHDiv.{0} Rat Rat.instDiv)
                                                    (@OfNat.ofNat.{0} Rat (nat_lit 1) (@Rat.instOfNat (nat_lit 1)))
                                                    (@OfNat.ofNat.{0} Rat (nat_lit 5) (@Rat.instOfNat (nat_lit 5))))
                                                  (@ite.{1} Rat (@Eq.{1} Bool Bool.false Bool.true)
                                                    (instDecidableEqBool Bool.false Bool.true)
                                                    (@OfNat.ofNat.{0} Rat (nat_lit 1) (@Rat.instOfNat (nat_lit 1)))
                                                    (@OfNat.ofNat.{0} Rat (nat_lit 0) (@Rat.instOfNat (nat_lit 0))))))
                                              (@HMul.hMul.{0, 0, 0} Rat Rat Rat (@instHMul.{0} Rat Rat.instMul)
                                                (@HDiv.hDiv.{0, 0, 0} Rat Rat Rat (@instHDiv.{0} Rat Rat.instDiv)
                                                  (@OfNat.ofNat.{0} Rat (nat_lit 1) (@Rat.instOfNat (nat_lit 1)))
                                                  (@OfNat.ofNat.{0} Rat (nat_lit 6) (@Rat.instOfNat (nat_lit 6))))
                                                (@ite.{1} Rat (@Eq.{1} Bool Bool.false Bool.true)
                                                  (instDecidableEqBool Bool.false Bool.true)
                                                  (@OfNat.ofNat.{0} Rat (nat_lit 1) (@Rat.instOfNat (nat_lit 1)))
                                                  (@OfNat.ofNat.{0} Rat (nat_lit 0) (@Rat.instOfNat (nat_lit 0))))))
                                            (@OfNat.ofNat.{0} Rat (nat_lit 1) (@Rat.instOfNat (nat_lit 1)))))
                                        (Not False) True
                                        (@congrArg.{1, 1} Prop Prop
                                          (@Eq.{1} Rat
                                            (@HAdd.hAdd.{0, 0, 0} Rat Rat Rat (@instHAdd.{0} Rat Rat.instAdd)
                                              (@HAdd.hAdd.{0, 0, 0} Rat Rat Rat (@instHAdd.{0} Rat Rat.instAdd)
                                                (@HAdd.hAdd.{0, 0, 0} Rat Rat Rat (@instHAdd.{0} Rat Rat.instAdd)
                                                  (@HMul.hMul.{0, 0, 0} Rat Rat Rat (@instHMul.{0} Rat Rat.instMul)
                                                    (@HDiv.hDiv.{0, 0, 0} Rat Rat Rat (@instHDiv.{0} Rat Rat.instDiv)
                                                      (@OfNat.ofNat.{0} Rat (nat_lit 1) (@Rat.instOfNat (nat_lit 1)))
                                                      (@OfNat.ofNat.{0} Rat (nat_lit 3) (@Rat.instOfNat (nat_lit 3))))
                                                    (@ite.{1} Rat (@Eq.{1} Bool Bool.false Bool.true)
                                                      (instDecidableEqBool Bool.false Bool.true)
                                                      (@OfNat.ofNat.{0} Rat (nat_lit 1) (@Rat.instOfNat (nat_lit 1)))
                                                      (@OfNat.ofNat.{0} Rat (nat_lit 0) (@Rat.instOfNat (nat_lit 0)))))
                                                  (@HMul.hMul.{0, 0, 0} Rat Rat Rat (@instHMul.{0} Rat Rat.instMul)
                                                    (@HDiv.hDiv.{0, 0, 0} Rat Rat Rat (@instHDiv.{0} Rat Rat.instDiv)
                                                      (@OfNat.ofNat.{0} Rat (nat_lit 1) (@Rat.instOfNat (nat_lit 1)))
                                                      (@OfNat.ofNat.{0} Rat (nat_lit 4) (@Rat.instOfNat (nat_lit 4))))
                                                    (@ite.{1} Rat (@Eq.{1} Bool Bool.false Bool.true)
                                                      (instDecidableEqBool Bool.false Bool.true)
                                                      (@OfNat.ofNat.{0} Rat (nat_lit 1) (@Rat.instOfNat (nat_lit 1)))
                                                      (@OfNat.ofNat.{0} Rat (nat_lit 0) (@Rat.instOfNat (nat_lit 0))))))
                                                (@HMul.hMul.{0, 0, 0} Rat Rat Rat (@instHMul.{0} Rat Rat.instMul)
                                                  (@HDiv.hDiv.{0, 0, 0} Rat Rat Rat (@instHDiv.{0} Rat Rat.instDiv)
                                                    (@OfNat.ofNat.{0} Rat (nat_lit 1) (@Rat.instOfNat (nat_lit 1)))
                                                    (@OfNat.ofNat.{0} Rat (nat_lit 5) (@Rat.instOfNat (nat_lit 5))))
                                                  (@ite.{1} Rat (@Eq.{1} Bool Bool.false Bool.true)
                                                    (instDecidableEqBool Bool.false Bool.true)
                                                    (@OfNat.ofNat.{0} Rat (nat_lit 1) (@Rat.instOfNat (nat_lit 1)))
                                                    (@OfNat.ofNat.{0} Rat (nat_lit 0) (@Rat.instOfNat (nat_lit 0))))))
                                              (@HMul.hMul.{0, 0, 0} Rat Rat Rat (@instHMul.{0} Rat Rat.instMul)
                                                (@HDiv.hDiv.{0, 0, 0} Rat Rat Rat (@instHDiv.{0} Rat Rat.instDiv)
                                                  (@OfNat.ofNat.{0} Rat (nat_lit 1) (@Rat.instOfNat (nat_lit 1)))
                                                  (@OfNat.ofNat.{0} Rat (nat_lit 6) (@Rat.instOfNat (nat_lit 6))))
                                                (@ite.{1} Rat (@Eq.{1} Bool Bool.false Bool.true)
                                                  (instDecidableEqBool Bool.false Bool.true)
                                                  (@OfNat.ofNat.{0} Rat (nat_lit 1) (@Rat.instOfNat (nat_lit 1)))
                                                  (@OfNat.ofNat.{0} Rat (nat_lit 0) (@Rat.instOfNat (nat_lit 0))))))
                                            (@OfNat.ofNat.{0} Rat (nat_lit 1) (@Rat.instOfNat (nat_lit 1))))
                                          False Not
                                          (@Eq.trans.{1} Prop
                                            (@Eq.{1} Rat
                                              (@HAdd.hAdd.{0, 0, 0} Rat Rat Rat (@instHAdd.{0} Rat Rat.instAdd)
                                                (@HAdd.hAdd.{0, 0, 0} Rat Rat Rat (@instHAdd.{0} Rat Rat.instAdd)
                                                  (@HAdd.hAdd.{0, 0, 0} Rat Rat Rat (@instHAdd.{0} Rat Rat.instAdd)
                                                    (@HMul.hMul.{0, 0, 0} Rat Rat Rat (@instHMul.{0} Rat Rat.instMul)
                                                      (@HDiv.hDiv.{0, 0, 0} Rat Rat Rat (@instHDiv.{0} Rat Rat.instDiv)
                                                        (@OfNat.ofNat.{0} Rat (nat_lit 1) (@Rat.instOfNat (nat_lit 1)))
                                                        (@OfNat.ofNat.{0} Rat (nat_lit 3) (@Rat.instOfNat (nat_lit 3))))
                                                      (@ite.{1} Rat (@Eq.{1} Bool Bool.false Bool.true)
                                                        (instDecidableEqBool Bool.false Bool.true)
                                                        (@OfNat.ofNat.{0} Rat (nat_lit 1) (@Rat.instOfNat (nat_lit 1)))
                                                        (@OfNat.ofNat.{0} Rat (nat_lit 0)
                                                          (@Rat.instOfNat (nat_lit 0)))))
                                                    (@HMul.hMul.{0, 0, 0} Rat Rat Rat (@instHMul.{0} Rat Rat.instMul)
                                                      (@HDiv.hDiv.{0, 0, 0} Rat Rat Rat (@instHDiv.{0} Rat Rat.instDiv)
                                                        (@OfNat.ofNat.{0} Rat (nat_lit 1) (@Rat.instOfNat (nat_lit 1)))
                                                        (@OfNat.ofNat.{0} Rat (nat_lit 4) (@Rat.instOfNat (nat_lit 4))))
                                                      (@ite.{1} Rat (@Eq.{1} Bool Bool.false Bool.true)
                                                        (instDecidableEqBool Bool.false Bool.true)
                                                        (@OfNat.ofNat.{0} Rat (nat_lit 1) (@Rat.instOfNat (nat_lit 1)))
                                                        (@OfNat.ofNat.{0} Rat (nat_lit 0)
                                                          (@Rat.instOfNat (nat_lit 0))))))
                                                  (@HMul.hMul.{0, 0, 0} Rat Rat Rat (@instHMul.{0} Rat Rat.instMul)
                                                    (@HDiv.hDiv.{0, 0, 0} Rat Rat Rat (@instHDiv.{0} Rat Rat.instDiv)
                                                      (@OfNat.ofNat.{0} Rat (nat_lit 1) (@Rat.instOfNat (nat_lit 1)))
                                                      (@OfNat.ofNat.{0} Rat (nat_lit 5) (@Rat.instOfNat (nat_lit 5))))
                                                    (@ite.{1} Rat (@Eq.{1} Bool Bool.false Bool.true)
                                                      (instDecidableEqBool Bool.false Bool.true)
                                                      (@OfNat.ofNat.{0} Rat (nat_lit 1) (@Rat.instOfNat (nat_lit 1)))
                                                      (@OfNat.ofNat.{0} Rat (nat_lit 0) (@Rat.instOfNat (nat_lit 0))))))
                                                (@HMul.hMul.{0, 0, 0} Rat Rat Rat (@instHMul.{0} Rat Rat.instMul)
                                                  (@HDiv.hDiv.{0, 0, 0} Rat Rat Rat (@instHDiv.{0} Rat Rat.instDiv)
                                                    (@OfNat.ofNat.{0} Rat (nat_lit 1) (@Rat.instOfNat (nat_lit 1)))
                                                    (@OfNat.ofNat.{0} Rat (nat_lit 6) (@Rat.instOfNat (nat_lit 6))))
                                                  (@ite.{1} Rat (@Eq.{1} Bool Bool.false Bool.true)
                                                    (instDecidableEqBool Bool.false Bool.true)
                                                    (@OfNat.ofNat.{0} Rat (nat_lit 1) (@Rat.instOfNat (nat_lit 1)))
                                                    (@OfNat.ofNat.{0} Rat (nat_lit 0) (@Rat.instOfNat (nat_lit 0))))))
                                              (@OfNat.ofNat.{0} Rat (nat_lit 1) (@Rat.instOfNat (nat_lit 1))))
                                            False False
                                            (@Eq.trans.{1} Prop
                                              (@Eq.{1} Rat
                                                (@HAdd.hAdd.{0, 0, 0} Rat Rat Rat (@instHAdd.{0} Rat Rat.instAdd)
                                                  (@HAdd.hAdd.{0, 0, 0} Rat Rat Rat (@instHAdd.{0} Rat Rat.instAdd)
                                                    (@HAdd.hAdd.{0, 0, 0} Rat Rat Rat (@instHAdd.{0} Rat Rat.instAdd)
                                                      (@HMul.hMul.{0, 0, 0} Rat Rat Rat (@instHMul.{0} Rat Rat.instMul)
                                                        (@HDiv.hDiv.{0, 0, 0} Rat Rat Rat
                                                          (@instHDiv.{0} Rat Rat.instDiv)
                                                          (@OfNat.ofNat.{0} Rat (nat_lit 1)
                                                            (@Rat.instOfNat (nat_lit 1)))
                                                          (@OfNat.ofNat.{0} Rat (nat_lit 3)
                                                            (@Rat.instOfNat (nat_lit 3))))
                                                        (@ite.{1} Rat (@Eq.{1} Bool Bool.false Bool.true)
                                                          (instDecidableEqBool Bool.false Bool.true)
                                                          (@OfNat.ofNat.{0} Rat (nat_lit 1)
                                                            (@Rat.instOfNat (nat_lit 1)))
                                                          (@OfNat.ofNat.{0} Rat (nat_lit 0)
                                                            (@Rat.instOfNat (nat_lit 0)))))
                                                      (@HMul.hMul.{0, 0, 0} Rat Rat Rat (@instHMul.{0} Rat Rat.instMul)
                                                        (@HDiv.hDiv.{0, 0, 0} Rat Rat Rat
                                                          (@instHDiv.{0} Rat Rat.instDiv)
                                                          (@OfNat.ofNat.{0} Rat (nat_lit 1)
                                                            (@Rat.instOfNat (nat_lit 1)))
                                                          (@OfNat.ofNat.{0} Rat (nat_lit 4)
                                                            (@Rat.instOfNat (nat_lit 4))))
                                                        (@ite.{1} Rat (@Eq.{1} Bool Bool.false Bool.true)
                                                          (instDecidableEqBool Bool.false Bool.true)
                                                          (@OfNat.ofNat.{0} Rat (nat_lit 1)
                                                            (@Rat.instOfNat (nat_lit 1)))
                                                          (@OfNat.ofNat.{0} Rat (nat_lit 0)
                                                            (@Rat.instOfNat (nat_lit 0))))))
                                                    (@HMul.hMul.{0, 0, 0} Rat Rat Rat (@instHMul.{0} Rat Rat.instMul)
                                                      (@HDiv.hDiv.{0, 0, 0} Rat Rat Rat (@instHDiv.{0} Rat Rat.instDiv)
                                                        (@OfNat.ofNat.{0} Rat (nat_lit 1) (@Rat.instOfNat (nat_lit 1)))
                                                        (@OfNat.ofNat.{0} Rat (nat_lit 5) (@Rat.instOfNat (nat_lit 5))))
                                                      (@ite.{1} Rat (@Eq.{1} Bool Bool.false Bool.true)
                                                        (instDecidableEqBool Bool.false Bool.true)
                                                        (@OfNat.ofNat.{0} Rat (nat_lit 1) (@Rat.instOfNat (nat_lit 1)))
                                                        (@OfNat.ofNat.{0} Rat (nat_lit 0)
                                                          (@Rat.instOfNat (nat_lit 0))))))
                                                  (@HMul.hMul.{0, 0, 0} Rat Rat Rat (@instHMul.{0} Rat Rat.instMul)
                                                    (@HDiv.hDiv.{0, 0, 0} Rat Rat Rat (@instHDiv.{0} Rat Rat.instDiv)
                                                      (@OfNat.ofNat.{0} Rat (nat_lit 1) (@Rat.instOfNat (nat_lit 1)))
                                                      (@OfNat.ofNat.{0} Rat (nat_lit 6) (@Rat.instOfNat (nat_lit 6))))
                                                    (@ite.{1} Rat (@Eq.{1} Bool Bool.false Bool.true)
                                                      (instDecidableEqBool Bool.false Bool.true)
                                                      (@OfNat.ofNat.{0} Rat (nat_lit 1) (@Rat.instOfNat (nat_lit 1)))
                                                      (@OfNat.ofNat.{0} Rat (nat_lit 0) (@Rat.instOfNat (nat_lit 0))))))
                                                (@OfNat.ofNat.{0} Rat (nat_lit 1) (@Rat.instOfNat (nat_lit 1))))
                                              (@Eq.{1} Rat
                                                (@OfNat.ofNat.{0} Rat (nat_lit 0)
                                                  (@Zero.toOfNat0.{0} Rat
                                                    (@MulZeroClass.toZero.{0} Rat
                                                      (@instMulZeroClassOfSemiring.{0} Rat Rat.semiring))))
                                                (@OfNat.ofNat.{0} Rat (nat_lit 1) (@Rat.instOfNat (nat_lit 1))))
                                              False
                                              (@congrFun'.{1, 1} Rat Prop
                                                (@Eq.{1} Rat
                                                  (@HAdd.hAdd.{0, 0, 0} Rat Rat Rat (@instHAdd.{0} Rat Rat.instAdd)
                                                    (@HAdd.hAdd.{0, 0, 0} Rat Rat Rat (@instHAdd.{0} Rat Rat.instAdd)
                                                      (@HAdd.hAdd.{0, 0, 0} Rat Rat Rat (@instHAdd.{0} Rat Rat.instAdd)
                                                        (@HMul.hMul.{0, 0, 0} Rat Rat Rat
                                                          (@instHMul.{0} Rat Rat.instMul)
                                                          (@HDiv.hDiv.{0, 0, 0} Rat Rat Rat
                                                            (@instHDiv.{0} Rat Rat.instDiv)
                                                            (@OfNat.ofNat.{0} Rat (nat_lit 1)
                                                              (@Rat.instOfNat (nat_lit 1)))
                                                            (@OfNat.ofNat.{0} Rat (nat_lit 3)
                                                              (@Rat.instOfNat (nat_lit 3))))
                                                          (@ite.{1} Rat (@Eq.{1} Bool Bool.false Bool.true)
                                                            (instDecidableEqBool Bool.false Bool.true)
                                                            (@OfNat.ofNat.{0} Rat (nat_lit 1)
                                                              (@Rat.instOfNat (nat_lit 1)))
                                                            (@OfNat.ofNat.{0} Rat (nat_lit 0)
                                                              (@Rat.instOfNat (nat_lit 0)))))
                                                        (@HMul.hMul.{0, 0, 0} Rat Rat Rat
                                                          (@instHMul.{0} Rat Rat.instMul)
                                                          (@HDiv.hDiv.{0, 0, 0} Rat Rat Rat
                                                            (@instHDiv.{0} Rat Rat.instDiv)
                                                            (@OfNat.ofNat.{0} Rat (nat_lit 1)
                                                              (@Rat.instOfNat (nat_lit 1)))
                                                            (@OfNat.ofNat.{0} Rat (nat_lit 4)
                                                              (@Rat.instOfNat (nat_lit 4))))
                                                          (@ite.{1} Rat (@Eq.{1} Bool Bool.false Bool.true)
                                                            (instDecidableEqBool Bool.false Bool.true)
                                                            (@OfNat.ofNat.{0} Rat (nat_lit 1)
                                                              (@Rat.instOfNat (nat_lit 1)))
                                                            (@OfNat.ofNat.{0} Rat (nat_lit 0)
                                                              (@Rat.instOfNat (nat_lit 0))))))
                                                      (@HMul.hMul.{0, 0, 0} Rat Rat Rat (@instHMul.{0} Rat Rat.instMul)
                                                        (@HDiv.hDiv.{0, 0, 0} Rat Rat Rat
                                                          (@instHDiv.{0} Rat Rat.instDiv)
                                                          (@OfNat.ofNat.{0} Rat (nat_lit 1)
                                                            (@Rat.instOfNat (nat_lit 1)))
                                                          (@OfNat.ofNat.{0} Rat (nat_lit 5)
                                                            (@Rat.instOfNat (nat_lit 5))))
                                                        (@ite.{1} Rat (@Eq.{1} Bool Bool.false Bool.true)
                                                          (instDecidableEqBool Bool.false Bool.true)
                                                          (@OfNat.ofNat.{0} Rat (nat_lit 1)
                                                            (@Rat.instOfNat (nat_lit 1)))
                                                          (@OfNat.ofNat.{0} Rat (nat_lit 0)
                                                            (@Rat.instOfNat (nat_lit 0))))))
                                                    (@HMul.hMul.{0, 0, 0} Rat Rat Rat (@instHMul.{0} Rat Rat.instMul)
                                                      (@HDiv.hDiv.{0, 0, 0} Rat Rat Rat (@instHDiv.{0} Rat Rat.instDiv)
                                                        (@OfNat.ofNat.{0} Rat (nat_lit 1) (@Rat.instOfNat (nat_lit 1)))
                                                        (@OfNat.ofNat.{0} Rat (nat_lit 6) (@Rat.instOfNat (nat_lit 6))))
                                                      (@ite.{1} Rat (@Eq.{1} Bool Bool.false Bool.true)
                                                        (instDecidableEqBool Bool.false Bool.true)
                                                        (@OfNat.ofNat.{0} Rat (nat_lit 1) (@Rat.instOfNat (nat_lit 1)))
                                                        (@OfNat.ofNat.{0} Rat (nat_lit 0)
                                                          (@Rat.instOfNat (nat_lit 0)))))))
                                                (@Eq.{1} Rat
                                                  (@OfNat.ofNat.{0} Rat (nat_lit 0)
                                                    (@Zero.toOfNat0.{0} Rat
                                                      (@MulZeroClass.toZero.{0} Rat
                                                        (@instMulZeroClassOfSemiring.{0} Rat Rat.semiring)))))
                                                (@congrArg.{1, 1} Rat (Rat → Prop)
                                                  (@HAdd.hAdd.{0, 0, 0} Rat Rat Rat (@instHAdd.{0} Rat Rat.instAdd)
                                                    (@HAdd.hAdd.{0, 0, 0} Rat Rat Rat (@instHAdd.{0} Rat Rat.instAdd)
                                                      (@HAdd.hAdd.{0, 0, 0} Rat Rat Rat (@instHAdd.{0} Rat Rat.instAdd)
                                                        (@HMul.hMul.{0, 0, 0} Rat Rat Rat
                                                          (@instHMul.{0} Rat Rat.instMul)
                                                          (@HDiv.hDiv.{0, 0, 0} Rat Rat Rat
                                                            (@instHDiv.{0} Rat Rat.instDiv)
                                                            (@OfNat.ofNat.{0} Rat (nat_lit 1)
                                                              (@Rat.instOfNat (nat_lit 1)))
                                                            (@OfNat.ofNat.{0} Rat (nat_lit 3)
                                                              (@Rat.instOfNat (nat_lit 3))))
                                                          (@ite.{1} Rat (@Eq.{1} Bool Bool.false Bool.true)
                                                            (instDecidableEqBool Bool.false Bool.true)
                                                            (@OfNat.ofNat.{0} Rat (nat_lit 1)
                                                              (@Rat.instOfNat (nat_lit 1)))
                                                            (@OfNat.ofNat.{0} Rat (nat_lit 0)
                                                              (@Rat.instOfNat (nat_lit 0)))))
                                                        (@HMul.hMul.{0, 0, 0} Rat Rat Rat
                                                          (@instHMul.{0} Rat Rat.instMul)
                                                          (@HDiv.hDiv.{0, 0, 0} Rat Rat Rat
                                                            (@instHDiv.{0} Rat Rat.instDiv)
                                                            (@OfNat.ofNat.{0} Rat (nat_lit 1)
                                                              (@Rat.instOfNat (nat_lit 1)))
                                                            (@OfNat.ofNat.{0} Rat (nat_lit 4)
                                                              (@Rat.instOfNat (nat_lit 4))))
                                                          (@ite.{1} Rat (@Eq.{1} Bool Bool.false Bool.true)
                                                            (instDecidableEqBool Bool.false Bool.true)
                                                            (@OfNat.ofNat.{0} Rat (nat_lit 1)
                                                              (@Rat.instOfNat (nat_lit 1)))
                                                            (@OfNat.ofNat.{0} Rat (nat_lit 0)
                                                              (@Rat.instOfNat (nat_lit 0))))))
                                                      (@HMul.hMul.{0, 0, 0} Rat Rat Rat (@instHMul.{0} Rat Rat.instMul)
                                                        (@HDiv.hDiv.{0, 0, 0} Rat Rat Rat
                                                          (@instHDiv.{0} Rat Rat.instDiv)
                                                          (@OfNat.ofNat.{0} Rat (nat_lit 1)
                                                            (@Rat.instOfNat (nat_lit 1)))
                                                          (@OfNat.ofNat.{0} Rat (nat_lit 5)
                                                            (@Rat.instOfNat (nat_lit 5))))
                                                        (@ite.{1} Rat (@Eq.{1} Bool Bool.false Bool.true)
                                                          (instDecidableEqBool Bool.false Bool.true)
                                                          (@OfNat.ofNat.{0} Rat (nat_lit 1)
                                                            (@Rat.instOfNat (nat_lit 1)))
                                                          (@OfNat.ofNat.{0} Rat (nat_lit 0)
                                                            (@Rat.instOfNat (nat_lit 0))))))
                                                    (@HMul.hMul.{0, 0, 0} Rat Rat Rat (@instHMul.{0} Rat Rat.instMul)
                                                      (@HDiv.hDiv.{0, 0, 0} Rat Rat Rat (@instHDiv.{0} Rat Rat.instDiv)
                                                        (@OfNat.ofNat.{0} Rat (nat_lit 1) (@Rat.instOfNat (nat_lit 1)))
                                                        (@OfNat.ofNat.{0} Rat (nat_lit 6) (@Rat.instOfNat (nat_lit 6))))
                                                      (@ite.{1} Rat (@Eq.{1} Bool Bool.false Bool.true)
                                                        (instDecidableEqBool Bool.false Bool.true)
                                                        (@OfNat.ofNat.{0} Rat (nat_lit 1) (@Rat.instOfNat (nat_lit 1)))
                                                        (@OfNat.ofNat.{0} Rat (nat_lit 0)
                                                          (@Rat.instOfNat (nat_lit 0))))))
                                                  (@OfNat.ofNat.{0} Rat (nat_lit 0)
                                                    (@Zero.toOfNat0.{0} Rat
                                                      (@MulZeroClass.toZero.{0} Rat
                                                        (@instMulZeroClassOfSemiring.{0} Rat Rat.semiring))))
                                                  (@Eq.{1} Rat)
                                                  (@Eq.trans.{1} Rat
                                                    (@HAdd.hAdd.{0, 0, 0} Rat Rat Rat (@instHAdd.{0} Rat Rat.instAdd)
                                                      (@HAdd.hAdd.{0, 0, 0} Rat Rat Rat (@instHAdd.{0} Rat Rat.instAdd)
                                                        (@HAdd.hAdd.{0, 0, 0} Rat Rat Rat
                                                          (@instHAdd.{0} Rat Rat.instAdd)
                                                          (@HMul.hMul.{0, 0, 0} Rat Rat Rat
                                                            (@instHMul.{0} Rat Rat.instMul)
                                                            (@HDiv.hDiv.{0, 0, 0} Rat Rat Rat
                                                              (@instHDiv.{0} Rat Rat.instDiv)
                                                              (@OfNat.ofNat.{0} Rat (nat_lit 1)
                                                                (@Rat.instOfNat (nat_lit 1)))
                                                              (@OfNat.ofNat.{0} Rat (nat_lit 3)
                                                                (@Rat.instOfNat (nat_lit 3))))
                                                            (@ite.{1} Rat (@Eq.{1} Bool Bool.false Bool.true)
                                                              (instDecidableEqBool Bool.false Bool.true)
                                                              (@OfNat.ofNat.{0} Rat (nat_lit 1)
                                                                (@Rat.instOfNat (nat_lit 1)))
                                                              (@OfNat.ofNat.{0} Rat (nat_lit 0)
                                                                (@Rat.instOfNat (nat_lit 0)))))
                                                          (@HMul.hMul.{0, 0, 0} Rat Rat Rat
                                                            (@instHMul.{0} Rat Rat.instMul)
                                                            (@HDiv.hDiv.{0, 0, 0} Rat Rat Rat
                                                              (@instHDiv.{0} Rat Rat.instDiv)
                                                              (@OfNat.ofNat.{0} Rat (nat_lit 1)
                                                                (@Rat.instOfNat (nat_lit 1)))
                                                              (@OfNat.ofNat.{0} Rat (nat_lit 4)
                                                                (@Rat.instOfNat (nat_lit 4))))
                                                            (@ite.{1} Rat (@Eq.{1} Bool Bool.false Bool.true)
                                                              (instDecidableEqBool Bool.false Bool.true)
                                                              (@OfNat.ofNat.{0} Rat (nat_lit 1)
                                                                (@Rat.instOfNat (nat_lit 1)))
                                                              (@OfNat.ofNat.{0} Rat (nat_lit 0)
                                                                (@Rat.instOfNat (nat_lit 0))))))
                                                        (@HMul.hMul.{0, 0, 0} Rat Rat Rat
                                                          (@instHMul.{0} Rat Rat.instMul)
                                                          (@HDiv.hDiv.{0, 0, 0} Rat Rat Rat
                                                            (@instHDiv.{0} Rat Rat.instDiv)
                                                            (@OfNat.ofNat.{0} Rat (nat_lit 1)
                                                              (@Rat.instOfNat (nat_lit 1)))
                                                            (@OfNat.ofNat.{0} Rat (nat_lit 5)
                                                              (@Rat.instOfNat (nat_lit 5))))
                                                          (@ite.{1} Rat (@Eq.{1} Bool Bool.false Bool.true)
                                                            (instDecidableEqBool Bool.false Bool.true)
                                                            (@OfNat.ofNat.{0} Rat (nat_lit 1)
                                                              (@Rat.instOfNat (nat_lit 1)))
                                                            (@OfNat.ofNat.{0} Rat (nat_lit 0)
                                                              (@Rat.instOfNat (nat_lit 0))))))
                                                      (@HMul.hMul.{0, 0, 0} Rat Rat Rat (@instHMul.{0} Rat Rat.instMul)
                                                        (@HDiv.hDiv.{0, 0, 0} Rat Rat Rat
                                                          (@instHDiv.{0} Rat Rat.instDiv)
                                                          (@OfNat.ofNat.{0} Rat (nat_lit 1)
                                                            (@Rat.instOfNat (nat_lit 1)))
                                                          (@OfNat.ofNat.{0} Rat (nat_lit 6)
                                                            (@Rat.instOfNat (nat_lit 6))))
                                                        (@ite.{1} Rat (@Eq.{1} Bool Bool.false Bool.true)
                                                          (instDecidableEqBool Bool.false Bool.true)
                                                          (@OfNat.ofNat.{0} Rat (nat_lit 1)
                                                            (@Rat.instOfNat (nat_lit 1)))
                                                          (@OfNat.ofNat.{0} Rat (nat_lit 0)
                                                            (@Rat.instOfNat (nat_lit 0))))))
                                                    (@HAdd.hAdd.{0, 0, 0} Rat Rat Rat (@instHAdd.{0} Rat Rat.instAdd)
                                                      (@OfNat.ofNat.{0} Rat (nat_lit 0)
                                                        (@Zero.toOfNat0.{0} Rat
                                                          (@MulZeroClass.toZero.{0} Rat
                                                            (@instMulZeroClassOfSemiring.{0} Rat Rat.semiring))))
                                                      (@OfNat.ofNat.{0} Rat (nat_lit 0)
                                                        (@Zero.toOfNat0.{0} Rat
                                                          (@MulZeroClass.toZero.{0} Rat
                                                            (@instMulZeroClassOfSemiring.{0} Rat Rat.semiring)))))
                                                    (@OfNat.ofNat.{0} Rat (nat_lit 0)
                                                      (@Zero.toOfNat0.{0} Rat
                                                        (@MulZeroClass.toZero.{0} Rat
                                                          (@instMulZeroClassOfSemiring.{0} Rat Rat.semiring))))
                                                    (@congr.{1, 1} Rat Rat
                                                      (@HAdd.hAdd.{0, 0, 0} Rat Rat Rat (@instHAdd.{0} Rat Rat.instAdd)
                                                        (@HAdd.hAdd.{0, 0, 0} Rat Rat Rat
                                                          (@instHAdd.{0} Rat Rat.instAdd)
                                                          (@HAdd.hAdd.{0, 0, 0} Rat Rat Rat
                                                            (@instHAdd.{0} Rat Rat.instAdd)
                                                            (@HMul.hMul.{0, 0, 0} Rat Rat Rat
                                                              (@instHMul.{0} Rat Rat.instMul)
                                                              (@HDiv.hDiv.{0, 0, 0} Rat Rat Rat
                                                                (@instHDiv.{0} Rat Rat.instDiv)
                                                                (@OfNat.ofNat.{0} Rat (nat_lit 1)
                                                                  (@Rat.instOfNat (nat_lit 1)))
                                                                (@OfNat.ofNat.{0} Rat (nat_lit 3)
                                                                  (@Rat.instOfNat (nat_lit 3))))
                                                              (@ite.{1} Rat (@Eq.{1} Bool Bool.false Bool.true)
                                                                (instDecidableEqBool Bool.false Bool.true)
                                                                (@OfNat.ofNat.{0} Rat (nat_lit 1)
                                                                  (@Rat.instOfNat (nat_lit 1)))
                                                                (@OfNat.ofNat.{0} Rat (nat_lit 0)
                                                                  (@Rat.instOfNat (nat_lit 0)))))
                                                            (@HMul.hMul.{0, 0, 0} Rat Rat Rat
                                                              (@instHMul.{0} Rat Rat.instMul)
                                                              (@HDiv.hDiv.{0, 0, 0} Rat Rat Rat
                                                                (@instHDiv.{0} Rat Rat.instDiv)
                                                                (@OfNat.ofNat.{0} Rat (nat_lit 1)
                                                                  (@Rat.instOfNat (nat_lit 1)))
                                                                (@OfNat.ofNat.{0} Rat (nat_lit 4)
                                                                  (@Rat.instOfNat (nat_lit 4))))
                                                              (@ite.{1} Rat (@Eq.{1} Bool Bool.false Bool.true)
                                                                (instDecidableEqBool Bool.false Bool.true)
                                                                (@OfNat.ofNat.{0} Rat (nat_lit 1)
                                                                  (@Rat.instOfNat (nat_lit 1)))
                                                                (@OfNat.ofNat.{0} Rat (nat_lit 0)
                                                                  (@Rat.instOfNat (nat_lit 0))))))
                                                          (@HMul.hMul.{0, 0, 0} Rat Rat Rat
                                                            (@instHMul.{0} Rat Rat.instMul)
                                                            (@HDiv.hDiv.{0, 0, 0} Rat Rat Rat
                                                              (@instHDiv.{0} Rat Rat.instDiv)
                                                              (@OfNat.ofNat.{0} Rat (nat_lit 1)
                                                                (@Rat.instOfNat (nat_lit 1)))
                                                              (@OfNat.ofNat.{0} Rat (nat_lit 5)
                                                                (@Rat.instOfNat (nat_lit 5))))
                                                            (@ite.{1} Rat (@Eq.{1} Bool Bool.false Bool.true)
                                                              (instDecidableEqBool Bool.false Bool.true)
                                                              (@OfNat.ofNat.{0} Rat (nat_lit 1)
                                                                (@Rat.instOfNat (nat_lit 1)))
                                                              (@OfNat.ofNat.{0} Rat (nat_lit 0)
                                                                (@Rat.instOfNat (nat_lit 0)))))))
                                                      (@HAdd.hAdd.{0, 0, 0} Rat Rat Rat (@instHAdd.{0} Rat Rat.instAdd)
                                                        (@OfNat.ofNat.{0} Rat (nat_lit 0)
                                                          (@Zero.toOfNat0.{0} Rat
                                                            (@MulZeroClass.toZero.{0} Rat
                                                              (@instMulZeroClassOfSemiring.{0} Rat Rat.semiring)))))
                                                      (@HMul.hMul.{0, 0, 0} Rat Rat Rat (@instHMul.{0} Rat Rat.instMul)
                                                        (@HDiv.hDiv.{0, 0, 0} Rat Rat Rat
                                                          (@instHDiv.{0} Rat Rat.instDiv)
                                                          (@OfNat.ofNat.{0} Rat (nat_lit 1)
                                                            (@Rat.instOfNat (nat_lit 1)))
                                                          (@OfNat.ofNat.{0} Rat (nat_lit 6)
                                                            (@Rat.instOfNat (nat_lit 6))))
                                                        (@ite.{1} Rat (@Eq.{1} Bool Bool.false Bool.true)
                                                          (instDecidableEqBool Bool.false Bool.true)
                                                          (@OfNat.ofNat.{0} Rat (nat_lit 1)
                                                            (@Rat.instOfNat (nat_lit 1)))
                                                          (@OfNat.ofNat.{0} Rat (nat_lit 0)
                                                            (@Rat.instOfNat (nat_lit 0)))))
                                                      (@OfNat.ofNat.{0} Rat (nat_lit 0)
                                                        (@Zero.toOfNat0.{0} Rat
                                                          (@MulZeroClass.toZero.{0} Rat
                                                            (@instMulZeroClassOfSemiring.{0} Rat Rat.semiring))))
                                                      (@congrArg.{1, 1} Rat (Rat → Rat)
                                                        (@HAdd.hAdd.{0, 0, 0} Rat Rat Rat
                                                          (@instHAdd.{0} Rat Rat.instAdd)
                                                          (@HAdd.hAdd.{0, 0, 0} Rat Rat Rat
                                                            (@instHAdd.{0} Rat Rat.instAdd)
                                                            (@HMul.hMul.{0, 0, 0} Rat Rat Rat
                                                              (@instHMul.{0} Rat Rat.instMul)
                                                              (@HDiv.hDiv.{0, 0, 0} Rat Rat Rat
                                                                (@instHDiv.{0} Rat Rat.instDiv)
                                                                (@OfNat.ofNat.{0} Rat (nat_lit 1)
                                                                  (@Rat.instOfNat (nat_lit 1)))
                                                                (@OfNat.ofNat.{0} Rat (nat_lit 3)
                                                                  (@Rat.instOfNat (nat_lit 3))))
                                                              (@ite.{1} Rat (@Eq.{1} Bool Bool.false Bool.true)
                                                                (instDecidableEqBool Bool.false Bool.true)
                                                                (@OfNat.ofNat.{0} Rat (nat_lit 1)
                                                                  (@Rat.instOfNat (nat_lit 1)))
                                                                (@OfNat.ofNat.{0} Rat (nat_lit 0)
                                                                  (@Rat.instOfNat (nat_lit 0)))))
                                                            (@HMul.hMul.{0, 0, 0} Rat Rat Rat
                                                              (@instHMul.{0} Rat Rat.instMul)
                                                              (@HDiv.hDiv.{0, 0, 0} Rat Rat Rat
                                                                (@instHDiv.{0} Rat Rat.instDiv)
                                                                (@OfNat.ofNat.{0} Rat (nat_lit 1)
                                                                  (@Rat.instOfNat (nat_lit 1)))
                                                                (@OfNat.ofNat.{0} Rat (nat_lit 4)
                                                                  (@Rat.instOfNat (nat_lit 4))))
                                                              (@ite.{1} Rat (@Eq.{1} Bool Bool.false Bool.true)
                                                                (instDecidableEqBool Bool.false Bool.true)
                                                                (@OfNat.ofNat.{0} Rat (nat_lit 1)
                                                                  (@Rat.instOfNat (nat_lit 1)))
                                                                (@OfNat.ofNat.{0} Rat (nat_lit 0)
                                                                  (@Rat.instOfNat (nat_lit 0))))))
                                                          (@HMul.hMul.{0, 0, 0} Rat Rat Rat
                                                            (@instHMul.{0} Rat Rat.instMul)
                                                            (@HDiv.hDiv.{0, 0, 0} Rat Rat Rat
                                                              (@instHDiv.{0} Rat Rat.instDiv)
                                                              (@OfNat.ofNat.{0} Rat (nat_lit 1)
                                                                (@Rat.instOfNat (nat_lit 1)))
                                                              (@OfNat.ofNat.{0} Rat (nat_lit 5)
                                                                (@Rat.instOfNat (nat_lit 5))))
                                                            (@ite.{1} Rat (@Eq.{1} Bool Bool.false Bool.true) ⋯ ⋯ ⋯)))
                                                        ⋯ ⋯ ⋯)
                                                      ⋯)
                                                    ⋯))
                                                ⋯)
                                              ⋯)
                                            ⋯))
                                        ⋯)
                                      ⋯))
                                  ⋯)
                                ⋯)
                              ⋯))
                          ⋯ ⋯)
                      ⋯ ⋯)
                    ⋯ ⋯)
                ⋯ ⋯)
              ⋯ ⋯)
          ⋯ ⋯)
        ⋯ ⋯)
    ⋯ ⋯
'JSP000243.interval_3_6_none' depends on axioms: [propext, Classical.choice, Quot.sound]
